ID;orig_ID;SMILES;y;CAS;NAME;UNITS;smiles_source
412;hERG413;BrCC(Br)C1CCC(Br)C(Br)C1;0;;;classhERGinh;Smiles
400;hERG401;Brc1cc(Br)c(Oc2cc(Br)c(Br)cc2Br)cc1Br;0;;;classhERGinh;Smiles
363;hERG364;Brc1ccc(-c2ccccc2)cc1;0;;;classhERGinh;Smiles
557;hERG558;Brc1ccc(C2CN3CCSC3=N2)cc1;0;;;classhERGinh;Smiles
480;hERG481;Brc1ccc(Oc2cc(Br)c(Br)cc2Br)c(Br)c1;0;;;classhERGinh;Smiles
521;hERG522;Brc1ccc(Oc2ccc(Br)cc2Br)c(Br)c1;0;;;classhERGinh;Smiles
333;hERG334;Brc1cccc(-c2ccccc2)c1;0;;;classhERGinh;Smiles
559;hERG560;Brc1ccccc1-c1ccccc1;0;;;classhERGinh;Smiles
547;hERG548;C#CCN(C)CCCOc1ccc(Cl)cc1Cl;0;;;classhERGinh;Smiles
589;hERG590;C#CCOC(=O)C1=CCCN(C)C1;0;;;classhERGinh;Smiles
366;hERG367;C(=Cc1ccccc1)c1ccccc1;0;;;classhERGinh;Smiles
652;hERG653;C(=NC1CCCCC1)=NC1CCCCC1;0;;;classhERGinh;Smiles
171;hERG172;C1CCC(C(CC2CCCCN2)C2CCCCC2)CC1;1;;;classhERGinh;Smiles
540;hERG541;C1CCC(N=C(NC23CC4CC(CC(C4)C2)C3)N2CCOCC2)CC1;0;;;classhERGinh;Smiles
84;hERG085;C1CCC2(C1)C1CN(CC3CC3)CC2CN(CC2CC2)C1;1;;;classhERGinh;Smiles
649;hERG650;C=C(C)C1Cc2c(ccc3c2OC2COc4cc(OC)c(OC)cc4C2C3=O)O1;0;;;classhERGinh;Smiles
321;hERG322;C=C(Cl)CSC(=S)N(CC)CC;0;;;classhERGinh;Smiles
580;hERG581;C=C1C(CCl)(CCl)C2(Cl)C(Cl)C(Cl)C1(Cl)C2(Cl)Cl;0;;;classhERGinh;Smiles
11;hERG012;C=CC1CN2CCC1CC2C(O)c1ccnc2ccc(OC)cc12;1;;;classhERGinh;Smiles
595;hERG596;C=CCN1CCC23c4c5ccc(O)c4OC2C(=NN=C2CCC4(O)C6Cc7ccc(O)c8c7C4(CCN6CC=C)C2O8)CCC3(O)C1C5;0;;;classhERGinh;Smiles
483;hERG484;C=CCN1CCc2cc(O)c(O)cc2C(c2ccccc2)C1;0;;;classhERGinh;Smiles
631;hERG632;C=CCN1CCc2cccc3c2C1Cc1ccc(O)c(O)c1-3;0;;;classhERGinh;Smiles
650;hERG651;C=CCOC(=O)CCCCCCCC;0;;;classhERGinh;Smiles
449;hERG450;C=CCc1ccccc1OCC(O)CNC(C)C;0;;;classhERGinh;Smiles
208;hERG209;CC(=C(F)C(=O)Nc1ccc(-c2ccccc2S(N)(=O)=O)cc1)c1cccc(C(=N)N)c1;1;;;classhERGinh;Smiles
646;hERG647;CC(=O)C1(C)CC2=C(CCCC2(C)C)CC1C;0;;;classhERGinh;Smiles
307;hERG308;CC(=O)C1CCC2C3CCC4=CC(=O)CCC4(C)C3CCC12C;0;;;classhERGinh;Smiles
338;hERG339;CC(=O)CC(C)C;0;;;classhERGinh;Smiles
216;hERG217;CC(=O)NC(=O)C1CCC(c2nc(-c3cccc(Br)c3)c[nH]2)CC1;1;;;classhERGinh;Smiles
508;hERG509;CC(=O)NC(Cc1c[nH]c2ccccc12)C(=O)OCc1cc(C(F)(F)F)cc(C(F)(F)F)c1;0;;;classhERGinh;Smiles
653;hERG654;CC(=O)Nc1ccc(C(=O)CCl)cc1;0;;;classhERGinh;Smiles
485;hERG486;CC(=O)O;0;;;classhERGinh;Smiles
415;hERG416;CC(=O)OC1(C(C)=O)CCC2C3C=C(Cl)C4=CC(=O)C5CC5C4(C)C3CCC21C;0;;;classhERGinh;Smiles
231;hERG232;CC(C(O)c1ccc(O)cc1)N1CCC(Cc2ccccc2)CC1;1;;;classhERGinh;Smiles
594;hERG595;CC(C)(C(=O)O)c1ccc(C(O)CCCN2CCC(C(O)(c3ccccc3)c3ccccc3)CC2)cc1;0;;;classhERGinh;Smiles
169;hERG170;CC(C)(C)C(=O)N1CC(c2cc(F)ccc2F)=CC1c1cccc(O)c1;1;;;classhERGinh;Smiles
50;hERG051;CC(C)(C)C(N)C(=O)N1CC(c2cc(F)ccc2F)=CC1c1ccccc1;1;;;classhERGinh;Smiles
294;hERG295;CC(C)(C)C(O)(CCc1ccc(Cl)cc1)Cn1cncn1;0;;;classhERGinh;Smiles
170;hERG171;CC(C)(C)C(O)C(=O)N1CC(c2cc(F)ccc2F)=CC1c1cccc(O)c1;1;;;classhERGinh;Smiles
590;hERG591;CC(C)(C)CC(C)(C)c1ccc(OCCO)cc1;0;;;classhERGinh;Smiles
568;hERG569;CC(C)(C)NC(=O)C1CC2CCCCC2CN1CC(O)C(Cc1ccccc1)NC(=O)C(CC(N)=O)NC(=O)c1ccc2ccccc2n1;0;;;classhERGinh;Smiles
229;hERG230;CC(C)(C)OC(=O)N1CCC2CN(CC(O)COc3ccc(C#N)cc3)CC(C1)O2;1;;;classhERGinh;Smiles
491;hERG492;CC(C)(C)c1cc(C=C(C#N)C#N)cc(C(C)(C)C)c1O;0;;;classhERGinh;Smiles
395;hERG396;CC(C)(C)c1cc(C=C(C#N)C(N)=S)cc(C(C)(C)C)c1O;0;;;classhERGinh;Smiles
265;hERG266;CC(C)(C)c1ccc(C(=O)CCCN2CCC(OC(c3ccccc3)c3ccccc3)CC2)cc1;1;;;classhERGinh;Smiles
1;hERG002;CC(C)(C)c1ccc(C(O)CCCN2CCC(C(O)(c3ccccc3)c3ccccc3)CC2)cc1;1;;;classhERGinh;Smiles
23;hERG024;CC(C)(C)c1ccc(NC(=O)N2CCN(c3ncccc3Cl)CC2)cc1;1;;;classhERGinh;Smiles
482;hERG483;CC(C)(C)c1ccc(OCC2CO2)cc1;0;;;classhERGinh;Smiles
408;hERG409;CC(C)(C)c1ccc(S(=O)(=O)C=CC#N)cc1;0;;;classhERGinh;Smiles
623;hERG624;CC(C)(C=O)Cc1cc(C(C)(C)C)c(O)c(C(C)(C)C)c1;0;;;classhERGinh;Smiles
72;hERG073;CC(C)(CN)C(=O)N1CC(c2cc(F)ccc2F)=CC1c1ccccc1;1;;;classhERGinh;Smiles
189;hERG190;CC(C)(CN1CCC(=C2c3ccc(F)cc3COc3ccccc32)CC1)C(=O)O;1;;;classhERGinh;Smiles
404;hERG405;CC(C)(CO)Cc1cc(C(C)(C)C)c(O)c(C(C)(C)C)c1;0;;;classhERGinh;Smiles
249;hERG250;CC(C)(Cc1ccc2ccccc2c1)NCC(O)COc1cccc(Cl)c1C#N;1;;;classhERGinh;Smiles
123;hERG124;CC(C)(O)C(Cl)(Cl)Cl;1;;;classhERGinh;Smiles
272;hERG273;CC(C)(O)c1ccc(C(O)CCCN2CCC(C(O)(c3ccccc3)c3ccccc3)CC2)cc1;1;;;classhERGinh;Smiles
648;hERG649;CC(C)(OOC(C)(C)c1ccccc1)c1ccccc1;0;;;classhERGinh;Smiles
565;hERG566;CC(C)(c1cc(Br)c(O)c(Br)c1)c1cc(Br)c(O)c(Br)c1;0;;;classhERGinh;Smiles
367;hERG368;CC(C)(c1ccc(O)cc1)c1ccc(O)cc1;0;;;classhERGinh;Smiles
538;hERG539;CC(C)(c1ccc(OCC2CO2)cc1)c1ccc(OCC2CO2)cc1;0;;;classhERGinh;Smiles
325;hERG326;CC(C)(c1ccccc1)c1ccc(O)cc1;0;;;classhERGinh;Smiles
179;hERG180;CC(C)C(N)C(=O)N1CC(c2cc(F)ccc2F)=CC1c1cccc(O)c1;1;;;classhERGinh;Smiles
78;hERG079;CC(C)C(N)C(=O)N1CC(c2cc(F)ccc2F)=CC1c1ccccc1;1;;;classhERGinh;Smiles
616;hERG617;CC(C)CC(C)Nc1ccc(Nc2ccccc2)cc1;0;;;classhERGinh;Smiles
306;hERG307;CC(C)CC(N)CSSCC(N)CC(C)C;0;;;classhERGinh;Smiles
656;hERG657;CC(C)CC(NC(=O)C(O)C(N)Cc1ccccc1)C(=O)O;0;;;classhERGinh;Smiles
513;hERG514;CC(C)CCOC(=O)C=Cc1ccccc1;0;;;classhERGinh;Smiles
535;hERG536;CC(C)COC(=O)COc1cc(Cl)c(Cl)cc1Cl;0;;;classhERGinh;Smiles
486;hERG487;CC(C)COC(=O)OCN1C(=O)CN(CCN2CC(=O)N(COC(=O)OCC(C)C)C(=O)C2)CC1=O;0;;;classhERGinh;Smiles
532;hERG533;CC(C)COC(=O)c1ccccc1C(=O)OCC(C)C;0;;;classhERGinh;Smiles
279;hERG280;CC(C)COCC(CN(Cc1ccccc1)c1ccccc1)N1CCCC1;1;;;classhERGinh;Smiles
190;hERG191;CC(C)Cn1c(=O)n(C)c(=O)c2[nH]cnc21;1;;;classhERGinh;Smiles
161;hERG162;CC(C)N(CCC(C(N)=O)(c1ccccc1)c1ccccn1)C(C)C;1;;;classhERGinh;Smiles
620;hERG621;CC(C)N=C=NC(C)C;0;;;classhERGinh;Smiles
419;hERG420;CC(C)NCC(O)COc1ccc(CCOCC2CC2)cc1;0;;;classhERGinh;Smiles
493;hERG494;CC(C)Nc1ccc(Nc2ccccc2)cc1;0;;;classhERGinh;Smiles
361;hERG362;CC(C)[N+](C)(CCOC(=O)C1c2ccccc2Oc2ccccc21)C(C)C;0;;;classhERGinh;Smiles
439;hERG440;CC(C=CC1=C(C)CCCC1(C)C)=CC=CC(C)=CC(=O)Nc1ccc(O)cc1;0;;;classhERGinh;Smiles
401;hERG402;CC(C=CC1=C(C)CCCC1(C)C)=CC=CC(C)=CCO;0;;;classhERGinh;Smiles
[524, 534];['hERG525', 'hERG535'];CC(C=CC=C(C)C=CC1=C(C)CCCC1(C)C)=CC=O;0;;;classhERGinh;Smiles
519;hERG520;CC(C=O)Cc1ccc(C(C)(C)C)cc1;0;;;classhERGinh;Smiles
52;hERG053;CC(CC(c1ccccc1)c1ccccc1)NC(C)(C)C;1;;;classhERGinh;Smiles
591;hERG592;CC(CCC(=O)O)C1CCC2C3CCC4CC(O)CCC4(C)C3CCC12C;0;;;classhERGinh;Smiles
645;hERG646;CC(CCc1ccccc1)NCC(O)c1ccc(O)c(C(N)=O)c1;0;;;classhERGinh;Smiles
91;hERG092;CC(CN(C)C)C(C)(O)Cc1ccc(Cl)cc1;1;;;classhERGinh;Smiles
342;hERG343;CC(CN(C)C)CN1c2ccccc2CCc2ccccc21;0;;;classhERGinh;Smiles
[17, 273];['hERG274', 'hERG018'];CC(CN(C)C)CN1c2ccccc2Sc2ccc(C#N)cc21;1;;;classhERGinh;Smiles
499;hERG500;CC(CN1c2ccccc2Sc2ccccc21)N(C)C;0;;;classhERGinh;Smiles
539;hERG540;CC(COc1ccc(C=Cc2ccccc2)cc1)[N+](C)(C)C;0;;;classhERGinh;Smiles
662;hERG663;CC(COc1ccccc1)N(CCCl)Cc1ccccc1;0;;;classhERGinh;Smiles
396;hERG397;CC(Cc1ccc(O)c(O)c1)C(C)Cc1ccc(O)c(O)c1;0;;;classhERGinh;Smiles
4;hERG005;CC(Cc1ccccc1)NCCC(c1ccccc1)c1ccccc1;1;;;classhERGinh;Smiles
550;hERG551;CC(N)CN1CCc2ccc(Br)cc21;0;;;classhERGinh;Smiles
33;hERG034;CC(O)(c1ccccc1)C1C=CC(C(c2cc[n+]([O-])cc2)c2ccc(OC(F)F)c(OC(F)F)c2)=CN1;1;;;classhERGinh;Smiles
351;hERG352;CC(O)C(=O)C1=Nc2c([nH]c(N)nc2=O)NC1;0;;;classhERGinh;Smiles
126;hERG127;CC(O)c1cn(-c2ccc(F)cc2)c2ccc(Cl)cc12;1;;;classhERGinh;Smiles
389;hERG390;CC1(C)CCC2=C(O1)c1ccccc1C(=O)C2=O;0;;;classhERGinh;Smiles
381;hERG382;CC12CCC3C(CCC4=CC(=O)CCC43C)C1CCC2=O;0;;;classhERGinh;Smiles
546;hERG547;CC12CCC3C(CCC4CC(=O)CCC43C)C1CCC2O;0;;;classhERGinh;Smiles
618;hERG619;CC12CCC3C(CCC4CC(O)CCC43C)C1CCC2=O;0;;;classhERGinh;Smiles
89;hERG090;CC1=CN2C(N)=C(Cl)C=C(C(=O)NCC3CCCN(CC(C)C)C3)C2N1;1;;;classhERGinh;Smiles
245;hERG246;CC1=NC2=[N+](CCCC2)C(=O)C1CCN1CCC(c2noc3cc(F)ccc23)CC1;1;;;classhERGinh;Smiles
242;hERG243;CC1=NC2=[N+](CCCC2O)C(=O)C1CCN1CCC(c2noc3cc(F)ccc23)CC1;1;;;classhERGinh;Smiles
311;hERG312;CC1=NN=C(c2ccc(N)cc2)c2cc3c(cc2C1)OCO3;0;;;classhERGinh;Smiles
373;hERG374;CC1CCC2(OC1)OC1C(O)C3C4CCC5CC(OC6OC(CO)C(OC7OC(CO)C(O)C(OC8OCC(O)C(O)C8O)C7OC7OC(CO)C(O)C(OC8OC(CO)C(O)C(O)C8O)C7O)C(O)C6O)C(O)CC5(C)C4CCC3(C)C1C2C;0;;;classhERGinh;Smiles
661;hERG662;CC1CCCC(=O)CCCC=Cc2cc(O)cc(O)c2C(=O)O1;0;;;classhERGinh;Smiles
593;hERG594;CC1CCN(CCC2CCCN2S(=O)(=O)c2cccc(O)c2)CC1;0;;;classhERGinh;Smiles
558;hERG559;CC1CN(c2c(F)c(N)c3c(=O)c(C(=O)O)cn(C4CC4)c3c2F)CC(C)N1;0;;;classhERGinh;Smiles
22;hERG023;CC1CN(c2ncccc2F)CCN1C(=NC#N)Nc1ccc(C(C)(C)C)cc1;1;;;classhERGinh;Smiles
601;hERG602;CC1CNCC2Cc3ccc(Cl)nc3N12;0;;;classhERGinh;Smiles
608;hERG609;CC1Cc2cc3c(cc2C(c2ccc(N)cc2)=NN1)OCO3;0;;;classhERGinh;Smiles
287;hERG288;CC=C(C)C(=O)OC1C(C)=C2C(C1OC(=O)CCCCCCC)C(C)(OC(C)=O)CC(OC(=O)CCC)C1(O)C2OC(=O)C1(C)O;0;;;classhERGinh;Smiles
664;hERG665;CC=C1C(=O)CC2C3CCC4=CC(=O)CCC4(C)C3CCC12C;0;;;classhERGinh;Smiles
387;hERG388;CCC(=C(CC)c1ccc(O)cc1)c1ccc(O)cc1;0;;;classhERGinh;Smiles
326;hERG327;CCC(=C(c1ccccc1)c1ccc(OCCN(C)C)cc1)c1ccc(O)cc1;0;;;classhERGinh;Smiles
[233, 54];['hERG055', 'hERG234'];CCC(=C(c1ccccc1)c1ccc(OCCN(C)C)cc1)c1ccccc1;1;;;classhERGinh;Smiles
185;hERG186;CCC(=O)C(CC(C)N(C)C)(c1ccccc1)c1ccccc1;1;;;classhERGinh;Smiles
388;hERG389;CCC(=O)C=CC1C(C)=CCCC1(C)C;0;;;classhERGinh;Smiles
61;hERG062;CCC(=O)N(c1ccccc1)C1CCN(CCc2ccccc2)CC1;1;;;classhERGinh;Smiles
109;hERG110;CCC(=O)OC(Cc1ccccc1)(c1ccccc1)C(C)CNC;1;;;classhERGinh;Smiles
63;hERG064;CCC(=O)c1cn(-c2ccc(F)cc2)c2ccc(Cl)cc12;1;;;classhERGinh;Smiles
413;hERG414;CCC(C)(C)C(=O)O;0;;;classhERGinh;Smiles
512;hERG513;CCC(C)C(=O)OC1CC(C)C=C2C=CC(C)C(CCC3CC(O)CC(=O)O3)C21;0;;;classhERGinh;Smiles
637;hERG638;CCC(C)Nc1ccc(NC(C)CC)cc1;0;;;classhERGinh;Smiles
47;hERG048;CCC(CC)c1cn(-c2ccc(F)cc2)c2ccc(Cl)cc12;1;;;classhERGinh;Smiles
372;hERG373;CCC(CO)Nc1nc(NCc2ccccc2)c2ncn(C(C)C)c2n1;0;;;classhERGinh;Smiles
430;hERG431;CCC(Cl)CC(Cl)C(Cl)C(Cl)C(Cl)C(C)Cl;0;;;classhERGinh;Smiles
529;hERG530;CCC(NC(=O)c1c(C)c(-c2ccccc2)nc2ccccc12)c1ccccc1;0;;;classhERGinh;Smiles
464;hERG465;CCC(NC(C)C)C(O)c1ccc(O)c(O)c1;0;;;classhERGinh;Smiles
73;hERG074;CCC(O)c1cn(-c2ccc(F)cc2)c2ccc(Cl)cc12;1;;;classhERGinh;Smiles
[79, 71];['hERG080', 'hERG072'];CCC(OC(C)=O)C(CC(C)N(C)C)(c1ccccc1)c1ccccc1;1;;;classhERGinh;Smiles
551;hERG552;CCC1(O)CC2CN(CCc3c([nH]c4ccccc34)C(C(=O)OC)(c3cc4c(cc3OC)N(C)C3C(O)(C(=O)OC)C(OC(C)=O)C5(CC)C=CCN6CCC43C65)C2)C1;0;;;classhERGinh;Smiles
541;hERG542;CCC1Cc2cc(O)ccc2C2=C1c1ccc(O)cc1CC2CC;0;;;classhERGinh;Smiles
643;hERG644;CCC=CCC=CCC=CCCCCCCCC(=O)OCC;0;;;classhERGinh;Smiles
327;hERG328;CCCCC(CC)COC(=O)c1ccc(N(C)C)cc1;0;;;classhERGinh;Smiles
346;hERG347;CCCCCC(O)c1cccc(OCc2ccc3ccccc3n2)c1;0;;;classhERGinh;Smiles
448;hERG449;CCCCCCCCC=CCCCCCCCC(=O)N(CCO)CCO;0;;;classhERGinh;Smiles
312;hERG313;CCCCCCCCC=CCCCCCCCC(=O)NCCO;0;;;classhERGinh;Smiles
466;hERG467;CCCCCCCCC=CCCCCCCCC(=O)NCCc1ccc(O)c(O)c1;0;;;classhERGinh;Smiles
642;hERG643;CCCCCCCCCC(=O)NC(CN1CCOCC1)C(O)c1ccccc1;0;;;classhERGinh;Smiles
500;hERG501;CCCCCCCCCCCC=CC(C)(C)C=CCCCC(=O)O;0;;;classhERGinh;Smiles
370;hERG371;CCCCCCCCCCCCCC=CC(O)C(N)CO;0;;;classhERGinh;Smiles
470;hERG471;CCCCCCCCCCCCCCCC(=O)OC(CC(=O)O)C[N+](C)(C)C;0;;;classhERGinh;Smiles
502;hERG503;CCCCCCCCCCCCCCCC(O)C(N)CO;0;;;classhERGinh;Smiles
639;hERG640;CCCCCCCCCCCCCCCC[n+]1ccccc1;0;;;classhERGinh;Smiles
509;hERG510;CCCCCCCCCc1ccc(O)cc1;0;;;classhERGinh;Smiles
492;hERG493;CCCCCCCCn1sccc1=O;0;;;classhERGinh;Smiles
489;hERG490;CCCCCOC(=O)c1ccccc1C(=O)OCCCCC;0;;;classhERGinh;Smiles
176;hERG177;CCCCN(CCCC)CC(O)c1cc(Cl)cc2c1-c1ccc(Cl)cc1C2=Cc1ccc(Cl)cc1;1;;;classhERGinh;Smiles
250;hERG251;CCCCN(Cc1cncn1Cc1ccc(C#N)cc1)C1CCN(Cc2ccccc2)C1=O;1;;;classhERGinh;Smiles
350;hERG351;CCCCN1CCC(n2c(=O)[nH]c3ccccc32)CC1;0;;;classhERGinh;Smiles
435;hERG436;CCCCNCC;0;;;classhERGinh;Smiles
138;hERG139;CCCCNCC(O)c1cc(Cl)cc2c1-c1ccc(Cl)cc1C2=Cc1ccc(Cl)cc1;1;;;classhERGinh;Smiles
225;hERG226;CCCCNCCC(O)c1cc2c(Cl)cc(Cl)cc2c2cc(C(F)(F)F)ccc12;1;;;classhERGinh;Smiles
603;hERG604;CCCCNc1c(C(=O)OCC)c(C)nc2c1cnn2CC;0;;;classhERGinh;Smiles
365;hERG366;CCCCOC(=O)COc1ccc(Cl)cc1Cl;0;;;classhERGinh;Smiles
446;hERG447;CCCCOC(=O)NS(=O)(=O)c1sc(CC(C)C)cc1-c1ccc(Cn2c(CC)nc3c(C)cc(C)nc32)cc1;0;;;classhERGinh;Smiles
523;hERG524;CCCCOC(=O)c1ccccc1C(=O)OCCCC;0;;;classhERGinh;Smiles
335;hERG336;CCCCOC(=O)c1ccccc1C(=O)OCc1ccccc1;0;;;classhERGinh;Smiles
566;hERG567;CCCCOCCOCCOCc1cc2c(cc1CCC)OCO2;0;;;classhERGinh;Smiles
494;hERG495;CCCCOCCOP(=O)(OCCOCCCC)OCCOCCCC;0;;;classhERGinh;Smiles
167;hERG168;CCCCc1nc(Cl)c(CO)n1Cc1ccc(-c2ccccc2-c2nn[nH]n2)cc1;1;;;classhERGinh;Smiles
380;hERG381;CCCN(CC1CC1)c1nc(C)nc(Nc2c(Cl)cc(Cl)cc2Cl)c1Cl;0;;;classhERGinh;Smiles
292;hERG293;CCCN(CCC)C1CCc2cccc(O)c2C1;0;;;classhERGinh;Smiles
290;hERG291;CCCN(CCC)C1Cc2cc(OC)c(OC)cc2C1;0;;;classhERGinh;Smiles
473;hERG474;CCCN(CCC)CCc1ccc(O)c(O)c1;0;;;classhERGinh;Smiles
463;hERG464;CCCN(CCC)c1c([N+](=O)[O-])cc(C(F)(F)F)cc1[N+](=O)[O-];0;;;classhERGinh;Smiles
237;hERG238;CCCN1CC(CSC)CC2c3cccc4c3C(C=N4)CC21;1;;;classhERGinh;Smiles
619;hERG620;CCCN1CCC2c3cc(O)ccc3CCC21;0;;;classhERGinh;Smiles
563;hERG564;CCCN1CCCC2Cc3n[nH]cc3CC21;0;;;classhERGinh;Smiles
377;hERG378;CCCN1CCCC2Cc3nc(N)ncc3CC21;0;;;classhERGinh;Smiles
314;hERG315;CCCNC(C)C(=O)Nc1ccccc1C;0;;;classhERGinh;Smiles
632;hERG633;CCCOC(=O)c1c(-c2ccccc2)nc(CC)c(C(=O)SCC)c1CCC;0;;;classhERGinh;Smiles
194;hERG195;CCCOC(C(=O)OC1CCN(C)CC1)(c1ccccc1)c1ccccc1;1;;;classhERGinh;Smiles
659;hERG660;CCCc1nn(C)c2c(=O)[nH]c(-c3cc(S(=O)(=O)N4CCN(C)CC4)ccc3OCC)nc12;0;;;classhERGinh;Smiles
465;hERG466;CCCn1c(=O)c2nc(C3CCCC3)[nH]c2n(CCCOC(=O)c2ccc(S(=O)(=O)F)cc2)c1=O;0;;;classhERGinh;Smiles
469;hERG470;CCN(CC)C(=O)NC1CC2c3cccc4[nH]cc(c34)CC2N(C)C1;0;;;classhERGinh;Smiles
613;hERG614;CCN(CC)CCCC(C)Nc1c2ccc(Cl)cc2nc2ccc(OC)cc12;0;;;classhERGinh;Smiles
369;hERG370;CCN(CC)CCCCCCCCOC(=O)c1cc(OC)c(OC)c(OC)c1;0;;;classhERGinh;Smiles
260;hERG261;CCN(CC)CCNC(=O)c1c(C)[nH]c(C=C2C(=O)Nc3ccc(F)cc32)c1C;1;;;classhERGinh;Smiles
135;hERG136;CCN(CC)CCNC(=O)c1cc(Cl)c(N)cc1OC;1;;;classhERGinh;Smiles
635;hERG636;CCN(CC)CCNC(=O)c1cc(S(C)(=O)=O)ccc1OC;0;;;classhERGinh;Smiles
385;hERG386;CCN(CC)CCNC(=O)c1ccc(N)cc1;0;;;classhERGinh;Smiles
474;hERG475;CCN(CC)CCNC(=O)c1ccc(NC(C)=O)cc1;0;;;classhERGinh;Smiles
579;hERG580;CCN(CC)CCOCCOC(=O)C1(c2ccccc2)CCCC1;0;;;classhERGinh;Smiles
246;hERG247;CCN(CC)CCOc1ccc(C(=C(Cl)c2ccccc2)c2ccccc2)cc1;1;;;classhERGinh;Smiles
101;hERG102;CCN(CC)Cc1ccc2c(c1)CCC(N1CCN(CCC3CCCCC3)CC1=O)C2;1;;;classhERGinh;Smiles
59;hERG060;CCN(CC)Cc1ccc2c(c1)CCC(N1CCN(CCc3cc(N)cc(C(F)(F)F)c3)CC1=O)C2;1;;;classhERGinh;Smiles
100;hERG101;CCN(CC)Cc1ccc2c(c1)CCC(N1CCN(CCc3ccc(Cl)cc3)CC1=O)C2;1;;;classhERGinh;Smiles
175;hERG176;CCN(CC)Cc1ccc2c(c1)CCC(N1CCN(CCc3ccc(F)cc3)CC1=O)C2;1;;;classhERGinh;Smiles
34;hERG035;CCN(CC)Cc1ccc2c(c1)CCC(N1CCN(Cc3ccsc3)CC1=O)C2;1;;;classhERGinh;Smiles
394;hERG395;CCN(Cc1ccccc1)c1ccccc1;0;;;classhERGinh;Smiles
315;hERG316;CCN(c1nc(N)c(C(=O)NC(=N)N)nc1Cl)C(C)C;0;;;classhERGinh;Smiles
471;hERG472;CCN1CCCC1CNC(=O)c1c(O)c(Cl)cc(Cl)c1OC;0;;;classhERGinh;Smiles
154;hERG155;CCN=C(c1ccc(OC)c(OC)c1)N1CCCc2cc(C3=NNC(=O)SC3C)ccc21;1;;;classhERGinh;Smiles
570;hERG571;CCOC(=O)C(C)(C)Oc1ccc(Cl)cc1;0;;;classhERGinh;Smiles
392;hERG393;CCOC(=O)C1=C(C)NC(C)=C(C(=O)OC)C1c1cccc(Cl)c1Cl;0;;;classhERGinh;Smiles
66;hERG067;CCOC(=O)C1=C(COCCN)NC(C)=C(C(=O)OC)C1c1ccccc1Cl;1;;;classhERGinh;Smiles
220;hERG221;CCOC(=O)C1=CC2(CC)CCCN3CCc4c(n1c1ccccc41)C32;1;;;classhERGinh;Smiles
35;hERG036;CCOC(=O)C1C(OC(=O)c2ccccc2)CC2CCC1N2C;1;;;classhERGinh;Smiles
206;hERG207;CCOC(=O)C1CN(S(=O)(=O)c2cc3cc(Cl)ccc3[nH]2)CC(=O)N1Cc1ccc(C(=N)N(C)C)cc1;1;;;classhERGinh;Smiles
571;hERG572;CCOC(=O)C1OC1c1ccccc1;0;;;classhERGinh;Smiles
75;hERG076;CCOC(=O)N1CCC(=C2c3ccc(Cl)cc3CCc3cccnc32)CC1;1;;;classhERGinh;Smiles
422;hERG423;CCOC(=O)Nc1ccc(NCc2ccc(F)cc2)nc1N;0;;;classhERGinh;Smiles
291;hERG292;CCOC(=O)c1ncn2c1C1CCCN1C(=O)c1cc(OC)ccc1-2;0;;;classhERGinh;Smiles
665;hERG666;CCOP(=S)(OCC)Oc1ccc([N+](=O)[O-])cc1;0;;;classhERGinh;Smiles
657;hERG658;CCOP(=S)(OCC)Oc1nc(Cl)c(Cl)cc1Cl;0;;;classhERGinh;Smiles
554;hERG555;CCOP(=S)(OCC)SCSC(C)(C)C;0;;;classhERGinh;Smiles
168;hERG169;CCOc1cc(N)c(Cl)cc1C(=O)NCC1CN(Cc2ccc(F)cc2)CCO1;1;;;classhERGinh;Smiles
497;hERG498;CCOc1ccc2nc(N)sc2c1;0;;;classhERGinh;Smiles
248;hERG249;CCOc1ccccc1C(=O)NCCCN1CCOCC1;1;;;classhERGinh;Smiles
152;hERG153;CCS(=O)(=O)CNC1c2cc(CN)ccc2OC(C)(C)C1O;1;;;classhERGinh;Smiles
331;hERG332;CCS(=O)(=O)Nc1cccc(C(=C2CCCCC2)c2c[nH]cn2)c1;0;;;classhERGinh;Smiles
454;hERG455;CC[N+](CC)(CC)COc1ccc(C=Cc2ccccc2)cc1;0;;;classhERGinh;Smiles
410;hERG411;CCc1c(C)[nH]c2c1C(=NNC(=O)Nc1ccccc1)CCC2;0;;;classhERGinh;Smiles
357;hERG358;CCc1ccc(C(c2ccc(CC)cc2)C(Cl)Cl)cc1;0;;;classhERGinh;Smiles
164;hERG165;CCc1ccc2c(=O)cc(C(=O)NC3CCN(Cc4ccc5c(c4)OCO5)CC3)oc2c1;1;;;classhERGinh;Smiles
104;hERG105;CCc1cn(-c2ccc(F)cc2)c2ccc(Cl)cc12;1;;;classhERGinh;Smiles
440;hERG441;CCc1nc(N)nc(N)c1-c1ccc(Cl)cc1;0;;;classhERGinh;Smiles
432;hERG433;CCn1c(=O)c2nc(-c3ccccc3)[nH]c2n(CC)c1=O;0;;;classhERGinh;Smiles
495;hERG496;CCn1ccnc1CC1COc2ccccc2O1;0;;;classhERGinh;Smiles
352;hERG353;CCn1cnc2c(Nc3cccc(Cl)c3)nc(NC3CCCCC3N)nc21;0;;;classhERGinh;Smiles
193;hERG194;CN(C(=O)Cc1ccc(CNS(C)(=O)=O)cc1)C(CN1CCC(O)C1)c1ccccc1;1;;;classhERGinh;Smiles
431;hERG432;CN(C(=O)Cc1ccc(Cl)c(Cl)c1)C(CN1CCCC1)c1cccc(OCC(=O)O)c1;0;;;classhERGinh;Smiles
459;hERG460;CN(C(=O)Cc1ccc(Cl)c(Cl)c1)C1CCC2(CCCO2)CC1N1CCCC1;0;;;classhERGinh;Smiles
667;hERG668;CN(C(=O)Cc1ccc(Cl)c(Cl)c1)C1CCCCC1N1CCCC1;0;;;classhERGinh;Smiles
151;hERG152;CN(C(=O)N1CC(c2cc(F)ccc2F)=CC1c1cccc(O)c1)C1CCNCC1;1;;;classhERGinh;Smiles
38;hERG039;CN(C(=O)N1CC(c2cc(F)ccc2F)=CC1c1ccccc1)C1CCNCC1;1;;;classhERGinh;Smiles
203;hERG204;CN(C)C(=N)c1ccc(C(=O)Nc2ccc(Cl)cc2C(=O)Nc2ccc(Cl)cn2)c(N2CCCCC2)c1;1;;;classhERGinh;Smiles
200;hERG201;CN(C)C(=N)c1ccc(C(=O)Nc2ccc(Sc3ccccc3)cc2C(=O)Nc2ccc(Cl)cn2)cc1;1;;;classhERGinh;Smiles
606;hERG607;CN(C)C(=S)S;0;;;classhERGinh;Smiles
355;hERG356;CN(C)C(=S)SSC(=S)N(C)C;0;;;classhERGinh;Smiles
201;hERG202;CN(C)C1CCN(C(=N)c2ccc(C(=O)Nc3ccc(Cl)cc3C(=O)Nc3ccc(Cl)cn3)cc2)CC1;1;;;classhERGinh;Smiles
19;hERG020;CN(C)CCC(c1ccc(Br)cc1)c1ccccn1;1;;;classhERGinh;Smiles
671;hERG672;CN(C)CCC(c1ccccc1)c1ccccn1;0;;;classhERGinh;Smiles
150;hERG151;CN(C)CCC=C1c2ccccc2COc2ccccc21;1;;;classhERGinh;Smiles
597;hERG598;CN(C)CCCCSC(=N)N;0;;;classhERGinh;Smiles
102;hERG103;CN(C)CCCN1c2ccccc2CCc2ccccc21;1;;;classhERGinh;Smiles
46;hERG047;CN(C)CCCN1c2ccccc2Sc2ccc(Cl)cc21;1;;;classhERGinh;Smiles
24;hERG025;CN(C)CCCn1cc(C2=C(c3c[nH]c4ccccc34)C(=O)NC2=O)c2ccccc21;1;;;classhERGinh;Smiles
670;hERG671;CN(C)CCOC(c1ccccc1)c1ccccc1;0;;;classhERGinh;Smiles
517;hERG518;CN(C)c1ccc(C(=C2C=CC(=[N+](C)C)C=C2)c2ccc(N(C)C)cc2)cc1;0;;;classhERGinh;Smiles
309;hERG310;CN(C)c1ccc(C(=N)c2ccc(N(C)C)cc2)cc1;0;;;classhERGinh;Smiles
324;hERG325;CN(C)c1ccc(C=C2C(=O)Nc3ccccc32)cc1;0;;;classhERGinh;Smiles
303;hERG304;CN(C)c1ccc(Cc2ccc(N(C)C)cc2)cc1;0;;;classhERGinh;Smiles
409;hERG410;CN(C)c1ccc(N)cc1;0;;;classhERGinh;Smiles
329;hERG330;CN(C)c1nc(N)c(C(=O)NC(=N)N)nc1Cl;0;;;classhERGinh;Smiles
188;hERG189;CN(C1c2cc(OCCCC(F)(F)F)ccc2OC(C)(C)C1O)S(C)(=O)=O;1;;;classhERGinh;Smiles
214;hERG215;CN(CC1CCC(c2nc(-c3cccc(C(F)(F)F)c3)c[nH]2)CC1)S(=O)(=O)c1ccccc1;1;;;classhERGinh;Smiles
39;hERG040;CN(CCCN)C(=O)N1CC(c2cc(F)ccc2F)=CC1c1ccccc1;1;;;classhERGinh;Smiles
255;hERG256;CN(CCN(C)S(=O)(=O)c1ccc(NS(C)(=O)=O)cc1)c1nc2ccccc2n1C;1;;;classhERGinh;Smiles
416;hERG417;CN1C2CCC1CC(OC(=O)C(O)c1ccccc1)C2;0;;;classhERGinh;Smiles
302;hERG303;CN1C2CCC1CC(OC(c1ccccc1)c1ccccc1N)C2;0;;;classhERGinh;Smiles
111;hERG112;CN1C2CCCC1CC(NC(=O)c1nn(C)c3ccccc13)C2;1;;;classhERGinh;Smiles
552;hERG553;CN1CC(C(=O)NC2(C)OC3(O)C4CCCN4C(=O)C(Cc4ccccc4)N3C2=O)CC2c3cccc4[nH]cc(c34)CC21;0;;;classhERGinh;Smiles
609;hERG610;CN1CCC(=C2c3ccccc3CC(=O)c3sccc32)CC1;0;;;classhERGinh;Smiles
316;hERG317;CN1CCC2(C)c3cc(O)ccc3N(C)C12;0;;;classhERGinh;Smiles
184;hERG185;CN1CCCC(c2c(-c3ccccc3)[nH]c3ccccc23)C1;1;;;classhERGinh;Smiles
48;hERG049;CN1CCCC1CCOC(C)(c1ccccc1)c1ccc(Cl)cc1;1;;;classhERGinh;Smiles
280;hERG281;CN1CCCCC1CCN1c2ccccc2Sc2ccc(S(C)=O)cc21;1;;;classhERGinh;Smiles
156;hERG157;CN1CCCCC1c1c(-c2ccccc2)[nH]c2ccccc12;1;;;classhERGinh;Smiles
258;hERG259;CN1CCN(C2=Nc3cc(Cl)ccc3Nc3ccccc32)CC1;1;;;classhERGinh;Smiles
43;hERG044;CN1CCN(CCCCN2C(=O)CN(N=Cc3ccc(-c4ccc(Cl)cc4)o3)C2=O)CC1;1;;;classhERGinh;Smiles
223;hERG224;CN1CCN(CCCN(C(=O)Nc2ccc(F)c(C(F)(F)F)c2)C2CC(c3ccc(C#N)cc3)C3CC32)CC1;1;;;classhERGinh;Smiles
9;hERG010;CN1CCN(CCCN(C(=O)Nc2ccc(F)c(C(F)(F)F)c2)C2CC(c3ccc4c(c3)C(N)NO4)C3CC32)CC1;1;;;classhERGinh;Smiles
198;hERG199;CN1CCN(CCCN(C(=O)Nc2ccc(F)c(Cl)c2)C2CC(c3ccc(F)cc3)C3CC32)CC1;1;;;classhERGinh;Smiles
197;hERG198;CN1CCN(CCCN(C(=O)Nc2ccc(F)c(Cl)c2)C2CC(c3ccccc3)C3CC32)CC1;1;;;classhERGinh;Smiles
105;hERG106;CN1CCN(CCCN2c3ccccc3Sc3ccc(C(F)(F)F)cc32)CC1;1;;;classhERGinh;Smiles
503;hERG504;CN1CCN(Cc2ccc3c(c2)Cc2c(-c4csc(C#CCOc5ccccc5)c4)n[nH]c2-3)C(=O)C1;0;;;classhERGinh;Smiles
407;hERG408;CN1CCN(c2ccc3ccccc3n2)CC1;0;;;classhERGinh;Smiles
544;hERG545;CN1CCN2c3ccccc3Cc3ccccc3C2C1;0;;;classhERGinh;Smiles
205;hERG206;CN1CCN=C1c1ccc(C(=O)N2CCN(S(=O)(=O)c3cc4ccc(Cl)cc4s3)CC2CC(=O)N2CCOCC2)cc1;1;;;classhERGinh;Smiles
526;hERG527;CN1CCc2c(cc(O)c(O)c2Cl)C(c2cccc(Cl)c2)C1;0;;;classhERGinh;Smiles
560;hERG561;CN1CCc2cc(O)c(O)cc2C(c2ccccc2)C1;0;;;classhERGinh;Smiles
390;hERG391;CN1CCc2cc(O)cc3c2C1Cc1ccc(O)c(O)c1-3;0;;;classhERGinh;Smiles
478;hERG479;CN1Cc2c(N)cccc2C(c2ccccc2)C1;0;;;classhERGinh;Smiles
681;hERG682;CN1Cc2ccccc2C(c2ccc(F)cc2F)N=C1CCc1ccc(NS(C)(=O)=O)cc1;0;;;classhERGinh;Smiles
672;hERG673;CN1Cc2ccccc2C(c2ccccc2)N=C1OCc1ccc(NS(C)(=O)=O)cc1;0;;;classhERGinh;Smiles
330;hERG331;CN=c1nc(-c2ccccc2)n(-c2ccccc2)s1;0;;;classhERGinh;Smiles
484;hERG485;CNC(=O)C1OC(n2cnc3c(NCc4ccc(I)cc4)nc(Cl)nc32)C(O)C1O;0;;;classhERGinh;Smiles
368;hERG369;CNC(=O)OCC[N+](C)(C)C;0;;;classhERGinh;Smiles
402;hERG403;CNC(C)C(O)c1ccccc1;0;;;classhERGinh;Smiles
174;hERG175;CNC1CCC(c2ccc(Cl)c(Cl)c2)c2ccccc21;1;;;classhERGinh;Smiles
417;hERG418;CNCC(O)c1ccc(O)c(O)c1;0;;;classhERGinh;Smiles
455;hERG456;CNCC(O)c1ccc(O)cc1;0;;;classhERGinh;Smiles
15;hERG016;CNCCC(Oc1ccc(C(F)(F)F)cc1)c1ccccc1;1;;;classhERGinh;Smiles
149;hERG150;CNCCC(Oc1ccccc1C)c1ccccc1;1;;;classhERGinh;Smiles
675;hERG676;COC(=O)C1C(O)CCC2CN3CCc4c([nH]c5ccccc45)C3CC21;0;;;classhERGinh;Smiles
159;hERG160;COC(=O)C1C(OC(=O)c2ccccc2)CC2CCC1N2C;1;;;classhERGinh;Smiles
239;hERG240;COC(=O)Cc1ccc(-n2cc(C3CCN(CCN4CCNC4=O)CC3)c3cc(Cl)ccc32)cc1;1;;;classhERGinh;Smiles
347;hERG348;COC(=O)N1CCN(C(=O)Cc2ccc(Cl)c(Cl)c2)C(CN2CCCC2)C1;0;;;classhERGinh;Smiles
178;hERG179;COC(=O)c1[nH]c2cc(F)ccc2c1C1CNCCC1F;1;;;classhERGinh;Smiles
622;hERG623;COC(=O)c1c(C)[nH]c(C)c1C(=O)c1ccccc1Cc1ccccc1;0;;;classhERGinh;Smiles
313;hERG314;COC(=O)c1cc2c(cn1)[nH]c1ccccc12;0;;;classhERGinh;Smiles
221;hERG222;COC(=O)c1ccc(-n2cc(C3CCN(CCN4CCNC4=O)CC3)c3cc(Cl)ccc32)cc1;1;;;classhERGinh;Smiles
436;hERG437;COC(C)(C)CCCC(C)CC=CC(C)=CC(=O)OC(C)C;0;;;classhERGinh;Smiles
166;hERG167;COC12CCC3(CC1C(C)(O)C(C)(C)C)C1Cc4ccc(O)c5c4C3(CCN1CC1CC1)C2O5;1;;;classhERGinh;Smiles
611;hERG612;COC1=CC(=O)CC(C)C12Oc1c(Cl)c(OC)cc(OC)c1C2=O;0;;;classhERGinh;Smiles
585;hERG586;COCC(O)COc1cn2ncnc(Oc3ccc4[nH]c(C)cc4c3F)c2c1C;0;;;classhERGinh;Smiles
636;hERG637;COCC1OC(=O)c2coc3c2C1(C)C1=C(C3=O)C2CCC(=O)C2(C)CC1OC(C)=O;0;;;classhERGinh;Smiles
120;hERG121;COCCCN1CCC(NC(=O)c2cc(Cl)c(N)c3c2OCC3)CC1;1;;;classhERGinh;Smiles
297;hERG298;COCCOC(=O)C1=C(C)NC(C)=C(C(=O)OC(C)C)C1c1cccc([N+](=O)[O-])c1;0;;;classhERGinh;Smiles
133;hERG134;COCCOCC#Cc1cc(-c2n[nH]c3c2C(=O)c2cc(CN4CCN(C)CC4)ccc2-3)cs1;1;;;classhERGinh;Smiles
624;hERG625;COCCOCC#Cc1cc(-c2n[nH]c3c2Cc2ccc(Cn4cncn4)cc2-3)cs1;0;;;classhERGinh;Smiles
627;hERG628;COP(=S)(OC)Oc1ccc(SC)c(C)c1;0;;;classhERGinh;Smiles
376;hERG377;COc1[nH]c2ccc(F)cc2c1C(=O)OCC1CCN(CCNS(C)(=O)=O)CC1;0;;;classhERGinh;Smiles
345;hERG346;COc1c(C(C)(C)C)cc([N+](=O)[O-])c(C)c1[N+](=O)[O-];0;;;classhERGinh;Smiles
516;hERG517;COc1c(N2CC3CCCNC3C2)c(F)cc2c(=O)c(C(=O)O)cn(C3CC3)c12;0;;;classhERGinh;Smiles
322;hERG323;COc1c(N2CCNC(C)C2)c(F)cc2c(=O)c(C(=O)O)cn(C3CC3)c12;0;;;classhERGinh;Smiles
125;hERG126;COc1cc(-n2cnc3cc(-c4ccc(Cl)cc4)sc3c2=O)ccc1N1CCC(O)C1;1;;;classhERGinh;Smiles
588;hERG589;COc1cc(CC(C)N)c(OC)cc1I;0;;;classhERGinh;Smiles
476;hERG477;COc1cc(CNC(=O)CCCCCCC(C)C)ccc1O;0;;;classhERGinh;Smiles
[162, 132];['hERG163', 'hERG133'];COc1cc(N)c(Cl)cc1C(=O)NC1CCN(CCCOc2ccc(F)cc2)CC1OC;1;;;classhERGinh;Smiles
5;hERG006;COc1cc(N)c(Cl)cc1C(=O)NC1CCN(Cc2ccccc2)CC1;1;;;classhERGinh;Smiles
67;hERG068;COc1cc(N)c(Cl)cc1C(=O)NC1CCN2CCCC1C2;1;;;classhERGinh;Smiles
320;hERG321;COc1cc(N)c(Cl)cc1C(=O)OCCN1CCCCC1;0;;;classhERGinh;Smiles
256;hERG257;COc1cc(NS(C)(=O)=O)ccc1Nc1c2ccccc2nc2ccccc12;1;;;classhERGinh;Smiles
49;hERG050;COc1cc2c(Nc3ccc(Br)cc3F)ncnc2cc1OCC1CCN(C(=O)CN(C)C)CC1;1;;;classhERGinh;Smiles
488;hERG489;COc1cc2c(cc1OC)-c1cc(=Nc3c(C)cc(C)cc3C)n(C)c(=O)n1CC2;0;;;classhERGinh;Smiles
64;hERG065;COc1cc2c(cc1OC)C(=O)C(CC1CCN(Cc3ccccc3)CC1)C2;1;;;classhERGinh;Smiles
88;hERG089;COc1cc2c(cc1OC)C(Cc1ccc(Oc3cc(CC4c5cc(OC)c(OC)cc5CCN4C)ccc3O)cc1)N(C)CC2;1;;;classhERGinh;Smiles
86;hERG087;COc1cc2c(cc1OC)C1Cc3ccc(OC)c(OC)c3C(Cc3ccccc3)N1CC2;1;;;classhERGinh;Smiles
3;hERG004;COc1cc2nc(N3CCN(C(=O)C4COc5ccccc5O4)CC3)nc(N)c2cc1OC;1;;;classhERGinh;Smiles
53;hERG054;COc1cc2nc(N3CCN(C(=O)c4ccco4)CC3)nc(N)c2cc1OC;1;;;classhERGinh;Smiles
319;hERG320;COc1ccc(-n2nc(C(F)(F)F)cc2-c2ccc(Cl)cc2)cc1;0;;;classhERGinh;Smiles
29;hERG030;COc1ccc(C(=O)N2CCN(c3ccc4c(c3)CCC(=O)N4)CC2)cc1OC;1;;;classhERGinh;Smiles
644;hERG645;COc1ccc(C(=O)c2ccccc2)c(O)c1;0;;;classhERGinh;Smiles
676;hERG677;COc1ccc(C(c2ccc(OC)cc2)C(Cl)(Cl)Cl)cc1;0;;;classhERGinh;Smiles
257;hERG258;COc1ccc(C2CCN(CCC3CCOc4ccccc43)CC2)cc1OC;1;;;classhERGinh;Smiles
505;hERG506;COc1ccc(C2Sc3ccccc3N(CCN(C)C)C(=O)C2OC(C)=O)cc1;0;;;classhERGinh;Smiles
165;hERG166;COc1ccc(CC2c3cc(Oc4cc(CC5c6cc(OC)c(OC)cc6CCN5C)ccc4O)c(OC)cc3CCN2C)cc1;1;;;classhERGinh;Smiles
153;hERG154;COc1ccc(CCN(C)CCCNc2c(Cl)cn[nH]c2=O)cc1OC;1;;;classhERGinh;Smiles
40;hERG041;COc1ccc(CCN2CCC(Nc3nc4ccccc4n3Cc3ccc(F)cc3)CC2)cc1;1;;;classhERGinh;Smiles
134;hERG135;COc1ccc(CN2CCC(NC(=O)c3cc(=O)c4ccc(F)cc4o3)CC2)cc1;1;;;classhERGinh;Smiles
180;hERG181;COc1ccc(CN2CCC(NC(=O)c3cc(=O)c4ccc(F)cc4o3)CC2)cc1F;1;;;classhERGinh;Smiles
604;hERG605;COc1ccc(CNC(=O)C=Cc2ccc3[nH]cc(CCN(C)C)c3c2)cc1;0;;;classhERGinh;Smiles
21;hERG022;COc1ccc(CNCC(O)COc2ccc3[nH]c(=O)ccc3c2)cc1OC;1;;;classhERGinh;Smiles
222;hERG223;COc1ccc(CNc2nnc(N3CCC4(CC3)CC(O)C4)c3ccc(C#N)cc23)cc1Cl;1;;;classhERGinh;Smiles
163;hERG164;COc1ccc(Cc2nccc3cc(OC)c(OC)cc23)cc1OC;1;;;classhERGinh;Smiles
456;hERG457;COc1ccc(Cl)cc1C(=O)NCCc1ccc(S(=O)(=O)NC(=O)NC2CCCCC2)cc1;0;;;classhERGinh;Smiles
299;hERG300;COc1ccc(NC(=O)C=Cc2ccc(Cl)cc2)cc1;0;;;classhERGinh;Smiles
204;hERG205;COc1ccc(NC(=O)c2ccc(C(=N)N(C)C)cc2N2CCCCC2)c(C(=O)Nc2ccc(Cl)cn2)c1;1;;;classhERGinh;Smiles
131;hERG132;COc1ccc2c(c1)C13CCCCC1C(C2)N(C)CC3;1;;;classhERGinh;Smiles
581;hERG582;COc1ccc2c(c1)C13CCCCC1C(C2)NCC3;0;;;classhERGinh;Smiles
634;hERG635;COc1ccc2c(c1)c(CC(=O)N1CCOCC1)c(C)n2C(=O)c1ccc(Cl)cc1;0;;;classhERGinh;Smiles
520;hERG521;COc1ccc2c(c1OC)C(=O)OC2C1c2cc3c(cc2CCN1C)OCO3;0;;;classhERGinh;Smiles
511;hERG512;COc1ccc2c3c1OC1C(=O)CCC4(O)C(C2)N(CC2CC2)CCC314;0;;;classhERGinh;Smiles
25;hERG026;COc1cccc(C(O)C2CCN(CCc3ccc(F)cc3)CC2)c1OC;1;;;classhERGinh;Smiles
199;hERG200;COc1cccc(C2CC(N(CCCN3CCN(C)CC3)C(=O)Nc3ccc(F)c(Cl)c3)C3CC23)c1;1;;;classhERGinh;Smiles
587;hERG588;COc1cccc(OC)c1OCCNCC1COc2ccccc2O1;0;;;classhERGinh;Smiles
379;hERG380;COc1ccccc1N1CCN(CCN(C(=O)C2CCCCC2)c2ccccn2)CC1;0;;;classhERGinh;Smiles
382;hERG383;COc1ccccc1N1CCN(CCN(C(=O)c2ccc(F)cc2)c2ccccn2)CC1;0;;;classhERGinh;Smiles
277;hERG278;COc1ccccc1OCCNCC(O)COc1cccc2[nH]c3ccccc3c12;1;;;classhERGinh;Smiles
266;hERG267;CS(=O)(=O)Nc1ccc2c(c1)C(=O)CC1(CCN(C3CCc4cc(C#N)ccc4C3)CC1)O2;1;;;classhERGinh;Smiles
271;hERG272;CS(=O)(=O)Nc1ccc2c(c1)C(=O)CC1(CCN(CCc3ccc4nonc4c3)CC1)O2;1;;;classhERGinh;Smiles
182;hERG183;CS(=O)(=O)Nc1ccc2c(c1)C(O)CC1(CCN(C3CCc4cc(C#N)ccc4C3)CC1)O2;1;;;classhERGinh;Smiles
679;hERG680;CSc1ccc(C2N=C(OCc3ccc(NS(C)(=O)=O)cc3)N(C)Cc3ccccc32)cc1;0;;;classhERGinh;Smiles
230;hERG231;CSc1ccc2c(c1)N(CCC1CCCCN1C)c1ccccc1S2;1;;;classhERGinh;Smiles
172;hERG173;CSc1ncccc1C(=O)N1CCC(NCc2cncn2Cc2ccc(C#N)cc2)C1=O;1;;;classhERGinh;Smiles
378;hERG379;C[N+]1(C)C2CCC1CC(OC(=O)c1c[nH]c3ccccc13)C2;0;;;classhERGinh;Smiles
522;hERG523;C[n+]1cc2c3c(ccc2c2ccc4cc5c(cc4c21)OCO5)OCO3;0;;;classhERGinh;Smiles
641;hERG642;Cc1c(C(=O)O)c(O)cc2c1C(=O)c1c(O)c(C3OC(CO)C(O)C(O)C3O)c(O)c(O)c1C2=O;0;;;classhERGinh;Smiles
296;hERG297;Cc1c(F)c(N2CCNC(C)C2)cc2c1c(=O)c(C(=O)O)cn2C1CC1;0;;;classhERGinh;Smiles
600;hERG601;Cc1c2ccncc2c(C)c2c1[nH]c1ccccc12;0;;;classhERGinh;Smiles
207;hERG208;Cc1cc(C(=O)Nc2ccc(C(=N)N3CCCC3)cc2)n(-c2cc3ccccc3cc2C#N)n1;1;;;classhERGinh;Smiles
418;hERG419;Cc1cc(C(C)(C)C)c(O)c(C(C)(C)C)c1;0;;;classhERGinh;Smiles
647;hERG648;Cc1cc(C(C)(C)C)c(O)c(C)c1CC1=NCCN1;0;;;classhERGinh;Smiles
337;hERG338;Cc1cc(C(C)(C)C)cc(C)c1CC1=NCCN1;0;;;classhERGinh;Smiles
421;hERG422;Cc1cc(O)c(C(C)(C)C)cc1Sc1cc(C(C)(C)C)c(O)cc1C;0;;;classhERGinh;Smiles
310;hERG311;Cc1cc(O)c2c(c1)C(=O)c1cc(O)cc(O)c1C2=O;0;;;classhERGinh;Smiles
575;hERG576;Cc1cc([N+](=O)[O-])ccc1N;0;;;classhERGinh;Smiles
441;hERG442;Cc1cc2c(F)c(Oc3ncnn4cc(OCC(C)O)c(C)c34)ccc2[nH]1;0;;;classhERGinh;Smiles
617;hERG618;Cc1cc2c(F)c(Oc3ncnn4cc(OCCCS(C)(=O)=O)c(C)c34)ccc2[nH]1;0;;;classhERGinh;Smiles
247;hERG248;Cc1cc2c(s1)Nc1ccccc1N=C2N1CCN(C)CC1;1;;;classhERGinh;Smiles
122;hERG123;Cc1ccc(-c2nc(NC(=O)CC3CCN(C)CC3)cc(-n3nccc3C)n2)o1;1;;;classhERGinh;Smiles
8;hERG009;Cc1ccc(-c2nc(NC(=O)CCN(C)C)cc(-n3nccc3C)n2)o1;1;;;classhERGinh;Smiles
57;hERG058;Cc1ccc(-c2nc(NC(=O)CN3CCC(CN(C)C)CC3)cc(-n3nccc3C)n2)o1;1;;;classhERGinh;Smiles
261;hERG262;Cc1ccc(-c2nc(NC(=O)CN3CCCN(C)CC3)cc(-n3nccc3C)n2)o1;1;;;classhERGinh;Smiles
10;hERG011;Cc1ccc(-n2[nH]c(C)c(NN=C3C=CC=C(c4cccc(C(=O)O)c4)C3=O)c2=O)cc1C;1;;;classhERGinh;Smiles
80;hERG081;Cc1ccc(O)c(C(CCN(C(C)C)C(C)C)c2ccccc2)c1;1;;;classhERGinh;Smiles
424;hERG425;Cc1ccc(OP(=O)(Oc2ccc(C)cc2)Oc2ccc(C)cc2)cc1;0;;;classhERGinh;Smiles
630;hERG631;Cc1ccc(S(=O)(=O)NC(Cc2ccccc2)C(=O)CCl)cc1;0;;;classhERGinh;Smiles
444;hERG445;Cc1ccc([N+](=O)[O-])cc1[N+](=O)[O-];0;;;classhERGinh;Smiles
628;hERG629;Cc1ccc2c(c1N)C(=O)c1ccccc1C2=O;0;;;classhERGinh;Smiles
393;hERG394;Cc1ccc2c(n1)N1C(C)CNCC1C2;0;;;classhERGinh;Smiles
584;hERG585;Cc1ccc2ccc3cccc4ccc1c2c34;0;;;classhERGinh;Smiles
414;hERG415;Cc1ccc2ccccc2c1C;0;;;classhERGinh;Smiles
99;hERG100;Cc1cccc(C)c1NC(=O)CN1CCN(CCCC(c2ccc(F)cc2)c2ccc(F)cc2)CC1;1;;;classhERGinh;Smiles
192;hERG193;Cc1cccc(C)c1OCC(C)N;1;;;classhERGinh;Smiles
577;hERG578;Cc1cccc(C)c1OCC(N)C(C)C;0;;;classhERGinh;Smiles
58;hERG059;Cc1cccc(CCN2CCC(C(=O)c3ccc(NS(C)(=O)=O)cc3)CC2)n1;1;;;classhERGinh;Smiles
28;hERG029;Cc1cccc(NC(=O)NC2N=C(c3ccccc3)c3ccccc3N(C)C2=O)c1;1;;;classhERGinh;Smiles
283;hERG284;Cc1ccccc1C(N)=O;0;;;classhERGinh;Smiles
16;hERG017;Cc1ccccc1C(OCCN(C)C)c1ccccc1;1;;;classhERGinh;Smiles
477;hERG478;Cc1ccccc1C=CC1=NCCN1;0;;;classhERGinh;Smiles
236;hERG237;Cc1cn(-c2cc(NC(=O)c3ccc(C)c(Nc4nccc(-c5cccnc5)n4)c3)cc(C(F)(F)F)c2)cn1;1;;;classhERGinh;Smiles
426;hERG427;Cc1cnc(C(=O)NCCc2ccc(S(=O)(=O)NC(=O)NC3CCCCC3)cc2)cn1;0;;;classhERGinh;Smiles
578;hERG579;Cc1n[nH]c2ccc(-c3cncc(OCC(N)Cc4ccccc4)c3)cc12;0;;;classhERGinh;Smiles
74;hERG075;Cc1nc2c([nH]1)CCN(C(=O)c1ccc(NC(=O)c3ccccc3-c3ccccc3)cc1)c1ccccc1-2;1;;;classhERGinh;Smiles
209;hERG210;Cc1nc2ccccc2n1C1CC2CCC(C1)N2CCC(NC(=O)C1CCC1)c1ccccc1;1;;;classhERGinh;Smiles
202;hERG203;Cc1nc2ccccc2n1C1CC2COCC(C1)N2CCC(NC(=O)C1CCC1)c1ccccc1;1;;;classhERGinh;Smiles
36;hERG037;Cc1nc2n(c(=O)c1CCN1CCC(c3noc4cc(F)ccc34)CC1)CCCC2O;1;;;classhERGinh;Smiles
98;hERG099;Cc1nc[nH]c1CN1CCc2c(c3ccccc3n2C)C1=O;1;;;classhERGinh;Smiles
196;hERG197;Cc1ncccc1C(=O)N1CCC(NCc2cncn2Cc2ccc(C#N)cc2)C1=O;1;;;classhERGinh;Smiles
14;hERG015;Cc1nccn1CC1CCc2c(c3ccccc3n2C)C1=O;1;;;classhERGinh;Smiles
496;hERG497;Cc1sc2ccccc2c1CC1=NCCN1;0;;;classhERGinh;Smiles
453;hERG454;ClC(Cl)(Cl)C(Cl)(Cl)Cl;0;;;classhERGinh;Smiles
666;hERG667;ClC(Cl)=C(c1ccc(Cl)cc1)c1ccc(Cl)cc1;0;;;classhERGinh;Smiles
288;hERG289;ClC1=C(Cl)C(Cl)(Cl)C(Cl)=C1Cl;0;;;classhERGinh;Smiles
371;hERG372;ClC1=C(Cl)C2(Cl)C3C(Cl)C(Cl)CC3C1(Cl)C2(Cl)Cl;0;;;classhERGinh;Smiles
304;hERG305;ClC1=C(Cl)C2(Cl)C3C(Cl)C=CC3C1(Cl)C2(Cl)Cl;0;;;classhERGinh;Smiles
507;hERG508;ClC1=C(Cl)C2(Cl)C3C4C=CC(C4)C3C1(Cl)C2(Cl)Cl;0;;;classhERGinh;Smiles
626;hERG627;ClC1=C(Cl)C2(Cl)C3C4CC(C5OC45)C3C1(Cl)C2(Cl)Cl;0;;;classhERGinh;Smiles
427;hERG428;Clc1ccc(C(Cl)(Cl)Cl)c(Cl)c1;0;;;classhERGinh;Smiles
318;hERG319;Clc1ccc(C(Cl)(Cl)Cl)cc1Cl;0;;;classhERGinh;Smiles
481;hERG482;Clc1ccc(C(c2ccc(Cl)cc2)C(Cl)Cl)cc1;0;;;classhERGinh;Smiles
548;hERG549;Clc1ccc(C(c2ccc(Cl)cc2)[n+]2ccn(CC(OCc3ccc(Cl)cc3Cl)c3ccc(Cl)cc3Cl)c2)cc1;0;;;classhERGinh;Smiles
218;hERG219;Clc1ccc(C(c2ccc(Cl)cc2)n2cc[n+](CC(OCc3ccc(Cl)cc3Cl)c3ccc(Cl)cc3Cl)c2)cc1;1;;;classhERGinh;Smiles
674;hERG675;Clc1ccc(C(c2ccccc2Cl)C(Cl)Cl)cc1;0;;;classhERGinh;Smiles
68;hERG069;Clc1ccc(COC(Cn2ccnc2)c2ccc(Cl)cc2Cl)c(Cl)c1;1;;;classhERGinh;Smiles
130;hERG131;Clc1ccc2c(c1)C(N1CCNCC1)=Nc1ccccc1O2;1;;;classhERGinh;Smiles
124;hERG125;Clc1ccc2c(c1)CCc1cccnc1C2=C1CCNCC1;1;;;classhERGinh;Smiles
118;hERG119;Clc1ccc2c(c1)N=C(N1CCNCC1)c1ccccc1N2;1;;;classhERGinh;Smiles
358;hERG359;Clc1cccc(N2CCNCC2)c1;0;;;classhERGinh;Smiles
536;hERG537;Clc1nc2ccccc2nc1Cl;0;;;classhERGinh;Smiles
434;hERG435;Cn1c(=O)c2c(nc(C=Cc3cccc(Cl)c3)n2C)n(C)c1=O;0;;;classhERGinh;Smiles
127;hERG128;Cn1c(=O)c2c(ncn2C)n(C)c1=O;1;;;classhERGinh;Smiles
633;hERG634;Cn1cc(C(=O)OCC2CCN(CCNS(C)(=O)=O)CC2)c2ccccc21;0;;;classhERGinh;Smiles
583;hERG584;Cn1cc(C(F)(F)F)nc1-c1ccc(OCC(O)CNCCOc2ccc(O)c(C(N)=O)c2)cc1;0;;;classhERGinh;Smiles
451;hERG452;Cn1cnc2c1c(=O)[nH]c(=O)n2C;0;;;classhERGinh;Smiles
70;hERG071;FC1CCNCC1c1c(-c2ccccc2)[nH]c2c(Cl)cccc12;1;;;classhERGinh;Smiles
45;hERG046;FC1CCNCC1c1c(-c2ccccc2)[nH]c2cc(Cl)ccc12;1;;;classhERGinh;Smiles
158;hERG159;FC1CCNCC1c1c(-c2ccccc2)[nH]c2ccc(Cl)cc12;1;;;classhERGinh;Smiles
30;hERG031;FC1CCNCC1c1c(-c2ccccc2)[nH]c2ccccc12;1;;;classhERGinh;Smiles
41;hERG042;Fc1ccc(-c2[nH]c3cc(F)ccc3c2C2CCCNC2)cc1;1;;;classhERGinh;Smiles
56;hERG057;Fc1ccc(-c2[nH]c3cc(F)ccc3c2C2CNCCC2F)cc1;1;;;classhERGinh;Smiles
241;hERG242;Fc1ccc(-n2cc(C3CCN(CCN4CCNC4=S)CC3)c3ccccc32)cc1;1;;;classhERGinh;Smiles
254;hERG255;Fc1ccc(-n2cc(C3CCNCC3)c3cc(Cl)ccc32)cc1;1;;;classhERGinh;Smiles
263;hERG264;Fc1ccc(C(OCCN2CCN(CCCc3ccccc3)CC2)c2ccc(F)cc2)cc1;1;;;classhERGinh;Smiles
217;hERG218;Fc1ccc(C(c2ccc(F)cc2)N2CCN(CC=Cc3ccccc3)CC2)cc1;1;;;classhERGinh;Smiles
55;hERG056;Fc1ccc(C(c2ccc(F)cc2)N2CCNCC2)cc1;1;;;classhERGinh;Smiles
212;hERG213;Fc1ccc(Cn2c(NC3CCNCC3)nc3ccccc32)cc1;1;;;classhERGinh;Smiles
157;hERG158;Fc1ccc2[nH]c(-c3ccccc3)c(C3CNCCC3F)c2c1;1;;;classhERGinh;Smiles
276;hERG277;Fc1ccc2c(C3CNCCC3F)c(-c3ccc4ccccc4c3)[nH]c2c1;1;;;classhERGinh;Smiles
235;hERG236;Fc1ccc2c(C3CNCCC3F)c(-c3cccc4ccccc34)[nH]c2c1;1;;;classhERGinh;Smiles
119;hERG120;Fc1ccc2c(C3CNCCC3F)c(-c3ccccc3)[nH]c2c1;1;;;classhERGinh;Smiles
51;hERG052;Fc1ccc2c(C3CNCCC3F)c(-c3ccsc3)[nH]c2c1;1;;;classhERGinh;Smiles
85;hERG086;Fc1ccc2c(C3CNCCC3F)c(C3=CNC=CC3)[nH]c2c1;1;;;classhERGinh;Smiles
136;hERG137;Fc1ccc2c(C3CNCCC3F)c(C3CCCCCC3)[nH]c2c1;1;;;classhERGinh;Smiles
94;hERG095;Fc1cccc2c(C3CNCCC3F)c(-c3ccccc3)[nH]c12;1;;;classhERGinh;Smiles
607;hERG608;N#CC(=Cc1ccc(O)c(O)c1)C(=O)NCCCc1ccccc1;0;;;classhERGinh;Smiles
364;hERG365;N#CC(=Cc1ccc(O)c(O)c1)C(=O)NCc1ccccc1;0;;;classhERGinh;Smiles
384;hERG385;N#CC(Cc1ccc(O)c(O)c1)C(=O)N1CCc2ccccc21;0;;;classhERGinh;Smiles
282;hERG283;N#CC(Cl)Cl;0;;;classhERGinh;Smiles
328;hERG329;N#CSCSC#N;0;;;classhERGinh;Smiles
243;hERG244;N#Cc1ccc(Cn2cncc2CCNC2CCN(c3ccccc3)C2=O)cc1;1;;;classhERGinh;Smiles
274;hERG275;N#Cc1ccc(Cn2cncc2CN(CCCN)C2CCN(Cc3cccc(Cl)c3)C2=O)cc1;1;;;classhERGinh;Smiles
31;hERG032;N#Cc1ccc(Cn2cncc2CN(CCN2CCNCC2)C2CCN(Cc3cccc(Cl)c3)C2=O)cc1;1;;;classhERGinh;Smiles
251;hERG252;N#Cc1ccc(Cn2cncc2CN(CCN2CCOCC2)C2CCN(Cc3cccc(Cl)c3)C2=O)cc1;1;;;classhERGinh;Smiles
18;hERG019;N#Cc1ccc(Cn2cncc2CN(Cc2cccnc2)C2CCN(Cc3ccccc3)C2=O)cc1;1;;;classhERGinh;Smiles
144;hERG145;N#Cc1ccc(Cn2cncc2CNC2CCN(C(=O)c3cccc(Cl)c3)C2=O)cc1;1;;;classhERGinh;Smiles
147;hERG148;N#Cc1ccc(Cn2cncc2CNC2CCN(C(=O)c3cncc(Br)c3)C2=O)cc1;1;;;classhERGinh;Smiles
270;hERG271;N#Cc1ccc(Cn2cncc2CNC2CCN(Cc3cccc(Cl)c3)C2=O)cc1;1;;;classhERGinh;Smiles
160;hERG161;N#Cc1ccc(Cn2cncc2CNC2CCN(Cc3ccccc3)C2=O)cc1;1;;;classhERGinh;Smiles
177;hERG178;N#Cc1ccc(Cn2cncc2CNC2CCN(c3cccc4ncccc34)C2=O)cc1;1;;;classhERGinh;Smiles
97;hERG098;N#Cc1ccc(Cn2cncc2CNC2CCN(c3ccncc3)C2=O)cc1;1;;;classhERGinh;Smiles
129;hERG130;N#Cc1ccc2c(=O)cc(C(=O)NC3CCN(Cc4ccc5c(c4)OCO5)CC3)oc2c1;1;;;classhERGinh;Smiles
654;hERG655;N=C(N)SCCc1cccc(CCSC(=N)N)c1;0;;;classhERGinh;Smiles
586;hERG587;N=C(N)c1ccccc1;0;;;classhERGinh;Smiles
286;hERG287;N=C(NC(=O)c1nc(Cl)c(N)nc1N)Nc1ccccc1;0;;;classhERGinh;Smiles
348;hERG349;N=C(NCCCCCCNC(=N)NC(=N)Nc1ccc(Cl)cc1)NC(=N)Nc1ccc(Cl)cc1;0;;;classhERGinh;Smiles
344;hERG345;N=C1C=CC(=C(c2ccc(N)cc2)c2ccc(N)cc2)C=C1;0;;;classhERGinh;Smiles
501;hERG502;N=C1NC(=N)c2cc3ccccc3cc21;0;;;classhERGinh;Smiles
275;hERG276;N=C1NC2C(COC(N)=O)NC(=N)N3CCC(O)(O)C23N1;1;;;classhERGinh;Smiles
391;hERG392;N=S(=O)(O)Cc1noc2ccccc12;0;;;classhERGinh;Smiles
226;hERG227;NC(=O)C(c1ccccc1)(c1ccccc1)C1CCN(CCc2ccc3c(c2)CCO3)C1;1;;;classhERGinh;Smiles
460;hERG461;NC(=O)CNCCC(c1ccccc1)c1ccccc1;0;;;classhERGinh;Smiles
582;hERG583;NC(=S)NCCCC(N)C(=O)O;0;;;classhERGinh;Smiles
139;hERG140;NC(C(=O)N1CC(c2cc(F)ccc2F)=CC1c1cccc(O)c1)C1CC1;1;;;classhERGinh;Smiles
103;hERG104;NC(C(=O)N1CC(c2cc(F)ccc2F)=CC1c1ccccc1)C1CC1;1;;;classhERGinh;Smiles
573;hERG574;NC(CO)C(=O)O;0;;;classhERGinh;Smiles
531;hERG532;NC(Cc1ccc(F)cc1)C(=O)O;0;;;classhERGinh;Smiles
677;hERG678;NC(Cc1ccc(N(CCCl)CCCl)cc1)C(=O)O;0;;;classhERGinh;Smiles
462;hERG463;NC(Cc1cccc(-c2ccccc2CP(=O)(O)O)c1)C(=O)O;0;;;classhERGinh;Smiles
187;hERG188;NC(N)=Nc1nc(CSCCC(N)=NS(N)(=O)=O)cs1;1;;;classhERGinh;Smiles
354;hERG355;NC1(C(=O)O)CC1;0;;;classhERGinh;Smiles
353;hERG354;NCC(O)C1CCCCCCC1;0;;;classhERGinh;Smiles
428;hERG429;NCC1OC(C23CC4CC(CC(C4)C2)C3)Cc2c1ccc(O)c2O;0;;;classhERGinh;Smiles
13;hERG014;NCCC(O)c1cc2c(Cl)cc(Cl)cc2c2cc(C(F)(F)F)ccc12;1;;;classhERGinh;Smiles
76;hERG077;NCCC(Oc1ccc(C(F)(F)F)cc1)c1ccccc1;1;;;classhERGinh;Smiles
340;hERG341;NCCCCCCNS(=O)(=O)c1cccc2c(Cl)cccc12;0;;;classhERGinh;Smiles
487;hERG488;NCCNC(=O)c1ncsc1-c1cccc(F)c1;0;;;classhERGinh;Smiles
504;hERG505;NCCNS(=O)(=O)c1cccc2c(Cl)cccc12;0;;;classhERGinh;Smiles
447;hERG448;NCCNS(=O)(=O)c1cccc2cnccc12;0;;;classhERGinh;Smiles
556;hERG557;NCCNc1cccc2ccccc12;0;;;classhERGinh;Smiles
655;hERG656;NNC(=O)c1ccncc1;0;;;classhERGinh;Smiles
450;hERG451;NNCCc1ccccc1;0;;;classhERGinh;Smiles
610;hERG611;NNc1nncc2ccccc12;0;;;classhERGinh;Smiles
660;hERG661;Nc1c2c(nc3ccccc13)CCCC2O;0;;;classhERGinh;Smiles
108;hERG109;Nc1ccc(C(=O)N2CC3CC(CN(Cc4ccccc4)C3)C2)cc1;1;;;classhERGinh;Smiles
360;hERG361;Nc1ccc(Cc2ccc(N)c(Cl)c2)cc1Cl;0;;;classhERGinh;Smiles
599;hERG600;Nc1ccc(Cl)cc1N;0;;;classhERGinh;Smiles
442;hERG443;Nc1ccc(N=Nc2ccccc2)c(N)c1;0;;;classhERGinh;Smiles
592;hERG593;Nc1ccccc1C(=O)OCCc1ccccc1;0;;;classhERGinh;Smiles
678;hERG679;Nc1nc(N)c2nc(-c3ccccc3)c(N)nc2n1;0;;;classhERGinh;Smiles
510;hERG511;Nc1nc(SCc2ccc([N+](=O)[O-])cc2)c2ncn(C3OC(CO)C(O)C3O)c2n1;0;;;classhERGinh;Smiles
498;hERG499;Nc1nc2[nH]c(=O)cnc2c(=O)[nH]1;0;;;classhERGinh;Smiles
336;hERG337;O=C(C=Cc1ccc(O)c(O)c1)OC1CC(O)(C(=O)O)CC(O)C1O;0;;;classhERGinh;Smiles
219;hERG220;O=C(CCCN1CC=C([N+]2=c3ccccc3=NC2=O)CC1)c1ccc(F)cc1;1;;;classhERGinh;Smiles
143;hERG144;O=C(CCCN1CCC(O)(c2ccc(Cl)cc2)CC1)c1ccc(F)cc1;1;;;classhERGinh;Smiles
232;hERG233;O=C(CCCN1CCC(n2c(=O)[nH]c3ccccc32)CC1)c1ccc(F)cc1;1;;;classhERGinh;Smiles
284;hERG285;O=C(CCc1ccc(O)cc1)c1c(O)cc(O)cc1O;0;;;classhERGinh;Smiles
181;hERG182;O=C(Cc1ccc(C(F)(F)F)cc1C(F)(F)F)NC1N=C(c2ccccc2)c2ccccc2N(CC(F)(F)F)C1=O;1;;;classhERGinh;Smiles
518;hERG519;O=C(Cc1ccc(Cl)c(Cl)c1)N1CCCCC1CN1CCCC1;0;;;classhERGinh;Smiles
211;hERG212;O=C(NC(CCN1CCC(N2COC(Cc3ccccc3)=N2)CC1)c1ccccc1)C1CCC1;1;;;classhERGinh;Smiles
210;hERG211;O=C(NC(CCN1CCC(n2cnc(Cc3ccccc3)n2)CC1)c1ccccc1)C1CCC1;1;;;classhERGinh;Smiles
475;hERG476;O=C(NC(Cc1ccccc1)C(=O)CCl)OCc1ccccc1;0;;;classhERGinh;Smiles
140;hERG141;O=C(NC1CCN(Cc2ccc3c(c2)OC(F)(F)O3)CC1)c1cc(=O)c2ccc(F)cc2o1;1;;;classhERGinh;Smiles
148;hERG149;O=C(NC1CCN(Cc2ccc3c(c2)OCO3)CC1)c1cc(=O)c2cc(Cl)c(Cl)cc2o1;1;;;classhERGinh;Smiles
117;hERG118;O=C(NC1CCN(Cc2ccc3c(c2)OCO3)CC1)c1cc(=O)c2cc(F)ccc2o1;1;;;classhERGinh;Smiles
83;hERG084;O=C(NC1CCN(Cc2ccc3c(c2)OCO3)CC1)c1cc(=O)c2ccc(Br)cc2o1;1;;;classhERGinh;Smiles
107;hERG108;O=C(NC1CCN(Cc2ccc3c(c2)OCO3)CC1)c1cc(=O)c2ccc(Cl)cc2o1;1;;;classhERGinh;Smiles
106;hERG107;O=C(NC1CCN(Cc2ccc3c(c2)OCO3)CC1)c1cc(=O)c2ccc(OC(F)F)cc2o1;1;;;classhERGinh;Smiles
155;hERG156;O=C(NC1CCN(Cc2ccc3c(c2)OCO3)CC1)c1cc(=O)c2ccccc2o1;1;;;classhERGinh;Smiles
113;hERG114;O=C(NCC1CCCCN1)c1cc(OCC(F)(F)F)ccc1OCC(F)(F)F;1;;;classhERGinh;Smiles
215;hERG216;O=C(NCCO)C1CCC(c2nc(-c3cccc(C(F)(F)F)c3)c[nH]2)CC1;1;;;classhERGinh;Smiles
339;hERG340;O=C(Nc1cc(C(=O)Nc2ccc(S(=O)(=O)O)cc2S(=O)(=O)O)cc(C(=O)Nc2ccc(S(=O)(=O)O)cc2S(=O)(=O)O)c1)Nc1cc(C(=O)Nc2ccc(S(=O)(=O)O)cc2S(=O)(=O)O)cc(C(=O)Nc2ccc(S(=O)(=O)O)cc2S(=O)(=O)O)c1;0;;;classhERGinh;Smiles
20;hERG021;O=C(Nc1ccccc1)c1[nH]c2cc(F)ccc2c1C1CNCCC1F;1;;;classhERGinh;Smiles
528;hERG529;O=C(O)C1=CCCN(CCON=C(c2ccccc2)c2ccccc2)C1;0;;;classhERGinh;Smiles
612;hERG613;O=C(O)C1CCCN(CCC=C(c2ccccc2)c2ccccc2)C1;0;;;classhERGinh;Smiles
334;hERG335;O=C(O)C=Cc1ccc(C=CC(=O)O)cc1;0;;;classhERGinh;Smiles
375;hERG376;O=C(O)CCCc1ccc(N(CCCl)CCCl)cc1;0;;;classhERGinh;Smiles
2;hERG003;O=C(O)Cc1ccc(-n2cc(C3CCN(CCN4CCNC4=O)CC3)c3cc(Cl)ccc32)cc1;1;;;classhERGinh;Smiles
145;hERG146;O=C(OC1CC2CC3CC(C1)N2CC3=O)C1=c2ccccc2=NC1;1;;;classhERGinh;Smiles
259;hERG260;O=C(OC1CN2CCC1CC2)N1CCc2ccccc2C1c1ccccc1;1;;;classhERGinh;Smiles
146;hERG147;O=C(OC1Cc2c(O)cc(O)cc2OC1c1cc(O)c(O)c(O)c1)c1cc(O)c(O)c(O)c1;1;;;classhERGinh;Smiles
467;hERG468;O=C(OCCN1CCCCC1)c1c[nH]c2ccccc12;0;;;classhERGinh;Smiles
374;hERG375;O=C(OCc1ccccc1)c1ccccc1O;0;;;classhERGinh;Smiles
561;hERG562;O=C(Oc1ccccc1)c1ccccc1O;0;;;classhERGinh;Smiles
234;hERG235;O=C(c1ccc(F)cc1)C1CCN(CCn2c(=O)[nH]c3ccccc3c2=O)CC1;1;;;classhERGinh;Smiles
555;hERG556;O=C(c1ccc(OCCN2CCCCC2)cc1)c1c(-c2ccc(O)cc2)sc2cc(O)ccc12;0;;;classhERGinh;Smiles
443;hERG444;O=C1C(Cl)=C(Cl)C(=O)C(Cl)=C1Cl;0;;;classhERGinh;Smiles
683;hERG684;O=C1C2(Cl)C3(Cl)C4(Cl)C(Cl)(Cl)C5(Cl)C3(Cl)C1(Cl)C5(Cl)C24Cl;0;;;classhERGinh;Smiles
680;hERG681;O=C1C2CC=CCC2C(=O)N1SC(Cl)(Cl)Cl;0;;;classhERGinh;Smiles
341;hERG342;O=C1C=CC(=O)C=C1;0;;;classhERGinh;Smiles
27;hERG028;O=C1CCC(c2ccc(Nc3ccncc3)cc2)=NN1;1;;;classhERGinh;Smiles
605;hERG606;O=C1CCC2(O)C3Cc4ccc(O)c5c4C2(CCN3CC2CC2)C1O5;0;;;classhERGinh;Smiles
7;hERG008;O=C1CCc2ccc(OCCCCN3CCN(c4cccc(Cl)c4Cl)CC3)cc2N1;1;;;classhERGinh;Smiles
65;hERG066;O=C1CN(CCc2ccc(F)cc2)CCN1C1CCc2cc(CN3CCC(C(F)(F)F)CC3)ccc2C1;1;;;classhERGinh;Smiles
116;hERG117;O=C1CN(CCc2ccc(F)cc2)CCN1C1CCc2cc(Cn3ccnc3)ccc2C1;1;;;classhERGinh;Smiles
238;hERG239;O=C1Cc2cc(CCN3CCN(c4nsc5ccccc45)CC3)c(Cl)cc2N1;1;;;classhERGinh;Smiles
110;hERG111;O=C1N=c2ccccc2=[N+]1C1CCN(CCCC(c2ccc(F)cc2)c2ccc(F)cc2)CC1;1;;;classhERGinh;Smiles
244;hERG245;O=C1N=c2ccccc2=[N+]1CCCN1CCC([N+]2=c3ccc(Cl)cc3=NC2=O)CC1;1;;;classhERGinh;Smiles
420;hERG421;O=C1NC(=O)c2cc(Nc3ccccc3)c(Nc3ccccc3)cc21;0;;;classhERGinh;Smiles
37;hERG038;O=C1NCC(c2ccc(F)cc2)C12CCN(C1(c3ccc(F)cc3)CCCCC1)CC2;1;;;classhERGinh;Smiles
60;hERG061;O=C1NCC(c2ccccc2)C12CCN(C1CCCCC1(O)C1CCC(F)CC1)CC2;1;;;classhERGinh;Smiles
44;hERG045;O=C1NCC(c2ccccc2)C12CCN(C1CCCCC1c1ccccc1)CC2;1;;;classhERGinh;Smiles
12;hERG013;O=C1NCCN1CCN1CC=C(c2cn(-c3ccc(F)cc3)c3ccc(Cl)cc23)CC1;1;;;classhERGinh;Smiles
191;hERG192;O=C1NCCN1CCN1CCC(C2CN(c3ccc(F)cc3)c3ccccc32)CC1;1;;;classhERGinh;Smiles
69;hERG070;O=C1NCCN1CCN1CCC(c2cn(-c3ccc(F)cc3)c3ccc(Cl)cc23)CC1;1;;;classhERGinh;Smiles
252;hERG253;O=C1NCCN1CCN1CCC(c2cn(-c3ccc(F)cc3)c3ccccc23)CC1;1;;;classhERGinh;Smiles
228;hERG229;O=C1NCCN1CCN1CCC(c2cn(-c3ccccc3)c3ccc(Cl)cc23)CC1;1;;;classhERGinh;Smiles
240;hERG241;O=C1NCCN1CCN1CCC(c2cn(C3CCCCC3)c3ccc(Cl)cc23)CC1;1;;;classhERGinh;Smiles
224;hERG225;O=C1NCN(c2ccccc2)C12CCN(CCCC(c1ccc(F)cc1)c1ccc(F)cc1)CC2;1;;;classhERGinh;Smiles
386;hERG387;O=C1Nc2cc(Br)ccc2C1=C1Nc2ccccc2C1=NO;0;;;classhERGinh;Smiles
285;hERG286;O=C1OC(c2ccc(O)cc2)(c2ccc(O)cc2)c2ccccc21;0;;;classhERGinh;Smiles
383;hERG384;O=C=Nc1ccc(Cc2ccc(N=C=O)cc2)cc1;0;;;classhERGinh;Smiles
213;hERG214;O=S(=O)(NCC1CCC(c2nc(-c3cccc(C(F)(F)F)c3)c[nH]2)CC1)c1ccccc1;1;;;classhERGinh;Smiles
572;hERG573;O=S(=O)(O)C1CCNCC1;0;;;classhERGinh;Smiles
668;hERG669;O=S(=O)(c1ccc(Cl)cc1)c1ccc(Cl)cc1;0;;;classhERGinh;Smiles
397;hERG398;O=S(=O)(c1cccc2c(I)cccc12)N1CCCNCC1;0;;;classhERGinh;Smiles
308;hERG309;O=S(=O)(c1cccc2ncccc12)N1CCNCC1;0;;;classhERGinh;Smiles
253;hERG254;O=S1(=O)c2cccc3cccc(c23)N1CCCN1CCN(c2ccc(F)cc2)CC1;1;;;classhERGinh;Smiles
567;hERG568;O=S1OCC2C(CO1)C1(Cl)C(Cl)=C(Cl)C2(Cl)C1(Cl)Cl;0;;;classhERGinh;Smiles
640;hERG641;O=[N+]([O-])C(Br)Br;0;;;classhERGinh;Smiles
437;hERG438;O=[N+]([O-])c1c(Cl)c(Cl)c(Cl)c(Cl)c1Cl;0;;;classhERGinh;Smiles
452;hERG453;O=[N+]([O-])c1cc([N+](=O)[O-])c2ccccc2c1;0;;;classhERGinh;Smiles
629;hERG630;O=[N+]([O-])c1ccc(CSc2ncnc3c2ncn3C2OC(CO)C(O)C2O)cc1;0;;;classhERGinh;Smiles
458;hERG459;O=[N+]([O-])c1ccc(Cl)c(Cl)c1Cl;0;;;classhERGinh;Smiles
300;hERG301;O=[N+]([O-])c1cccc(Cl)c1Cl;0;;;classhERGinh;Smiles
562;hERG563;O=[N+]([O-])c1ccccc1-c1ccccc1;0;;;classhERGinh;Smiles
625;hERG626;O=[N+]([O-])c1ccccc1Nc1ccccc1;0;;;classhERGinh;Smiles
268;hERG269;O=c1[nH]c2ccccc2n1CCCN1CCN(C(c2ccccc2)c2ccccc2)CC1;1;;;classhERGinh;Smiles
530;hERG531;O=c1ccc2c(OCCCCc3ccccc3)c3ccoc3cc2o1;0;;;classhERGinh;Smiles
267;hERG268;O=c1ccnc(NCC2CCN(c3nc4ccccc4n3Cc3ccc(F)cc3)CC2)[nH]1;1;;;classhERGinh;Smiles
92;hERG093;O=c1n(CCCN2CCN(c3cccc(Cl)c3)CC2)nc2ccccn12;1;;;classhERGinh;Smiles
90;hERG091;OC(CCCN1CCC(O)(c2ccc(Cl)cc2)CC1)c1ccc(F)cc1;1;;;classhERGinh;Smiles
533;hERG534;OC(CCN1CCCCC1)(c1ccccc1)C1CCCCC1;0;;;classhERGinh;Smiles
173;hERG174;OC(CN1CCC(Cc2ccc(F)cc2)CC1)c1ccc(Cl)cc1;1;;;classhERGinh;Smiles
264;hERG265;OC(CNCC(O)C1CCc2cc(F)ccc2O1)C1CCc2cc(F)ccc2O1;1;;;classhERGinh;Smiles
87;hERG088;OC(c1cc(C(F)(F)F)nc2c(C(F)(F)F)cccc12)C1CCCCN1;1;;;classhERGinh;Smiles
543;hERG544;OC(c1ccc(Cl)cc1)(c1ccc(Cl)cc1)C(Cl)(Cl)Cl;0;;;classhERGinh;Smiles
305;hERG306;OCCN(CCO)c1nc(N2CCCCC2)c2nc(N(CCO)CCO)nc(N3CCCCC3)c2n1;0;;;classhERGinh;Smiles
602;hERG603;OCCN1CCN(CCCN2c3ccccc3C=Cc3ccccc32)CC1;0;;;classhERGinh;Smiles
26;hERG027;OCCN1CCN(CCCN2c3ccccc3Sc3ccc(Cl)cc32)CC1;1;;;classhERGinh;Smiles
6;hERG007;OCCOCCN1CCN(C(c2ccccc2)c2ccc(Cl)cc2)CC1;1;;;classhERGinh;Smiles
142;hERG143;OCCOCCN1CCN(C2=Nc3ccccc3Sc3ccccc32)CC1;1;;;classhERGinh;Smiles
298;hERG299;O[Si](CCCN1CCCCC1)(c1ccc(F)cc1)C1CCCCC1;0;;;classhERGinh;Smiles
545;hERG546;Oc1c(Br)c(Br)c(Br)c(Br)c1Br;0;;;classhERGinh;Smiles
405;hERG406;Oc1c(Cl)cc(Cl)cc1Sc1cc(Cl)cc(Cl)c1O;0;;;classhERGinh;Smiles
356;hERG357;Oc1c(I)cc(Cl)c2cccnc12;0;;;classhERGinh;Smiles
445;hERG446;Oc1cc(-c2ccccc2)nc2nc(Cl)ccc12;0;;;classhERGinh;Smiles
506;hERG507;Oc1cc2c(cc1O)C1c3ccc(O)c(O)c3OCC1(O)C2;0;;;classhERGinh;Smiles
614;hERG615;Oc1cc2c(cc1O)CN(C(=S)NCCc1ccc(Cl)cc1)CCC2;0;;;classhERGinh;Smiles
615;hERG616;Oc1ccc(C2CNCCc3c2cc(O)c(O)c3Cl)cc1;0;;;classhERGinh;Smiles
651;hERG652;Oc1ccc(C2CNCc3sccc32)cc1O;0;;;classhERGinh;Smiles
0;hERG001;Oc1ccc(CCN2CCC(Nc3nc4ccccc4n3Cc3ccc(F)cc3)CC2)cc1;1;;;classhERGinh;Smiles
515;hERG516;Oc1ccc(Cl)c(Cl)c1Cl;0;;;classhERGinh;Smiles
301;hERG302;Oc1ccc(Cl)cc1Cc1cc(Cl)ccc1O;0;;;classhERGinh;Smiles
527;hERG528;Oc1ccc(Cl)cc1Cc1ccccc1;0;;;classhERGinh;Smiles
596;hERG597;Oc1ccc(Cl)cc1Sc1cc(Cl)ccc1O;0;;;classhERGinh;Smiles
411;hERG412;Oc1ccc2cc(SSc3ccc4cc(O)ccc4c3)ccc2c1;0;;;classhERGinh;Smiles
525;hERG526;[O-][N+](=Nc1ccccc1)c1ccccc1;0;;;classhERGinh;Smiles
323;hERG324;c1cc2c3c(c1)ccc1cccc(c13)C2;0;;;classhERGinh;Smiles
343;hERG344;c1cc2ccc3cccc4ccc(c1)c2c34;0;;;classhERGinh;Smiles
121;hERG122;c1ccc(-c2[nH]c3ccccc3c2C2CC3CCC(C2)N3c2ccccc2)cc1;1;;;classhERGinh;Smiles
128;hERG129;c1ccc(-c2[nH]c3ccccc3c2C2CCCNC2)cc1;1;;;classhERGinh;Smiles
227;hERG228;c1ccc(-c2[nH]c3ccccc3c2C2CCN(c3ccccc3)CC2)cc1;1;;;classhERGinh;Smiles
141;hERG142;c1ccc(-c2[nH]c3ccccc3c2C2CCNCC2)cc1;1;;;classhERGinh;Smiles
332;hERG333;c1ccc(-c2ccccc2)cc1;0;;;classhERGinh;Smiles
289;hERG290;c1ccc(C2CC2)c(OCC2=NCCN2)c1;0;;;classhERGinh;Smiles
317;hERG318;c1ccc(C2CN3CCSC3=N2)cc1;0;;;classhERGinh;Smiles
278;hERG279;c1ccc(CCN2CCCC(c3c(-c4ccccc4)[nH]c4ccccc34)C2)cc1;1;;;classhERGinh;Smiles
362;hERG363;c1ccc(CN(Cc2ncc[nH]2)c2ccccc2)cc1;0;;;classhERGinh;Smiles
262;hERG263;c1ccc(CN2CCCC(c3c(-c4ccccc4)[nH]c4ccccc34)C2)cc1;1;;;classhERGinh;Smiles
553;hERG554;c1ccc(CSCc2ccccc2)cc1;0;;;classhERGinh;Smiles
598;hERG599;c1ccc(N=NNc2ccccc2)cc1;0;;;classhERGinh;Smiles
293;hERG294;c1ccc(NNc2ccccc2)cc1;0;;;classhERGinh;Smiles
472;hERG473;c1ccc(Nc2ccc(Nc3ccccc3)cc2)cc1;0;;;classhERGinh;Smiles
514;hERG515;c1ccc(Nc2ccc3ccccc3c2)cc1;0;;;classhERGinh;Smiles
574;hERG575;c1ccc(Nc2cccc3ccccc23)cc1;0;;;classhERGinh;Smiles
398;hERG399;c1ccc(P(c2ccccc2)c2ccccc2)cc1;0;;;classhERGinh;Smiles
549;hERG550;c1ccc(SCCSc2ccccc2)cc1;0;;;classhERGinh;Smiles
406;hERG407;c1ccc2c(N3CCNCC3)cccc2c1;0;;;classhERGinh;Smiles
621;hERG622;c1ccc2c(c1)-c1cccc3cccc-2c13;0;;;classhERGinh;Smiles
576;hERG577;c1ccc2c(c1)CC(N1CCN(c3cccc4c3OCCO4)CC1)C2;0;;;classhERGinh;Smiles
457;hERG458;c1ccc2c(c1)Nc1ccccc1S2;0;;;classhERGinh;Smiles
425;hERG426;c1ccc2c(c1)OCC(C1=NCCN1)O2;0;;;classhERGinh;Smiles
423;hERG424;c1ccc2c(c1)Oc1ccccc1S2;0;;;classhERGinh;Smiles
295;hERG296;c1ccc2c(c1)[IH]c1ccccc1-2;0;;;classhERGinh;Smiles
564;hERG565;c1ccc2c(c1)ccc1ccccc12;0;;;classhERGinh;Smiles
479;hERG480;c1ccc2sc(SSc3nc4ccccc4s3)nc2c1;0;;;classhERGinh;Smiles
