SMILES;y;ID;orig_ID;CAS;NAME;UNITS;smiles_source
C#CC1CC1;22.3;[841, 669];DTXSID80217795;6746-94-7;Cyclopropylacetylene;mg/L;SMILES
C#CCCl;4.44;[1024, 135];DTXSID4060789;624-65-7;1-Propyne, 3-chloro-;mg/L;SMILES
C#CCN(CC)CC;2.1;40;DTXSID5063287;4079-68-9;2-Propyn-1-amine, N,N-diethyl-;mg/L;SMILES
C/C=C/C=C/C;27.51;379;DTXSID6028650;68514-38-5;Hydrocarbons, C4-10-unsatd;mg/L;SMILES
C/C=C/CC#N;1.42;[872, 548];DTXSID1025851;4635-87-4;3-Pentenenitrile;mg/L;SMILES
C/C=C/CC/C=C/CC/C=C/CC/C=C/CCCC/C=C/CC/C=C/C;118.75;560;DTXSID30873784;68514-35-2;Hydrocarbons, C14-?30, olefin-?rich;mg/L;SMILES
C/C=C/CCC;28.18;413;DTXSID5027855;25264-93-1;Hexene;mg/L;SMILES
C/C=C\CCCCC;2.1;509;DTXSID0059407;111-67-1;2-Octene;mg/L;SMILES
C1=CC2C3C=CC(C3)C2C1;1.7650000000000001;[353, 354, 1419, 1260, 1261, 1420, 913, 914, 1524, 1597];DTXSID5025023;77-73-6;Dicyclopentadiene;mg/L;SMILES
C1=CCCC1;22.919999999999998;[168, 816, 1285, 439];DTXSID6029171;142-29-0;Cyclopentene;mg/L;SMILES
C1=CCOC1;6.0;[685, 39];DTXSID5051785;1708-29-8;2,5-Dihydrofuran;mg/L;SMILES
C1=COCCC1;10.7;[444, 854];DTXSID6041426;110-87-2;3,4-Dihydro-2H-pyran;mg/L;SMILES
C1=C\CC/C=C/CC/C=C\CC/1;8.1;1724;DTXSID8027581;4904-61-4;1,5,9-Cyclododecatriene;mg/L;SMILES
C1=Cc2ccccc2C1;5.14;178;DTXSID8042052;95-13-6;1H-Indene;mg/L;SMILES
C1CCC2CCCCC2C1;4.633333333333333;[869, 870, 166, 167, 1207, 1405];DTXSID1024912;91-17-8;Decalin;mg/L;SMILES
C1CCCC1;25.3;[706, 667];DTXSID6024886;287-92-3;Cyclopentane;mg/L;SMILES
C1CCCNCC1;2.59;[1360, 1361, 274, 1236, 1237, 698];DTXSID1026879;111-49-9;Hexamethyleneimine;mg/L;SMILES
C1CCNCC1;4.8;[338, 787];DTXSID6021165;110-89-4;Piperidine;mg/L;SMILES
C1CCOCOC1;20.8;[441, 1083];DTXSID0029183;505-65-7;1,3-Dioxepane;mg/L;SMILES
C1CN(CCOCCN2CCOCC2)CCO1;0.21;[953, 299];DTXSID9042170;6425-39-4;4,4'-(Oxydiethylene)bis(morpholine);mg/L;SMILES
C1CO1;3.16;[1307, 519];DTXSID0020600;75-21-8;Ethylene oxide;mg/L;SMILES
C1COCO1;68.4;[1140, 308, 309];DTXSID4027284;646-06-0;1,3-Dioxolane;mg/L;SMILES
C1OCOCO1;39.2;[565, 991];DTXSID4021925;110-88-3;1,3,5-Trioxane;mg/L;SMILES
C=C(Br)C(F)(F)F;85.33;[733, 181];DTXSID80883575;1514-82-5;1-Propene, 2-bromo-3,3,3-trifluoro-;mg/L;SMILES
C=C(C)C(=O)OC;29.8;[568, 712];DTXSID2020844;80-62-6;Methyl methacrylate;mg/L;SMILES
C=C(C)C(=O)OC1CCCCC1;29.8;234;DTXSID7051507;101-43-9;Cyclohexyl methacrylate;mg/L;SMILES
C=C(C)C(=O)OCCCC;29.04;1042;DTXSID4024696;97-88-1;Butyl methacrylate;mg/L;SMILES
C=C(C)C=O;0.5533333333333333;[1551, 1310, 527];DTXSID0052540;78-85-3;Methacrylaldehyde;mg/L;SMILES
C=C(C)OC(C)=O;22.0;[1008, 518];DTXSID3031492;108-22-5;Isopropenyl acetate;mg/L;SMILES
C=CC(=O)OCC(CC)(COC(=O)C=C)COC(=O)C=C;0.55;[432, 969];DTXSID0027773;15625-89-5;Trimethylolpropane triacrylate;mg/L;SMILES
C=CC(=O)OCC(CC)CCCC;1.19;924;DTXSID9025297;103-11-7;2-Ethylhexyl acrylate;mg/L;SMILES
C=CC(=O)OCCC(F)(F)C(F)(F)C(F)(F)C(F)(F)C(F)(F)C(F)(F)F;1.8;20;DTXSID9038840;17527-29-6;(Perfluorohexyl)ethyl acrylate;mg/L;SMILES
C=CC(=O)OCCCCCCCCCCCC;0.69;317;DTXSID7022178;2156-97-0;Lauryl acrylate;mg/L;SMILES
C=CC(=O)OCCCCCCCCCCCCCC;0.69;498;DTXSID2066721;21643-42-5;Tetradecyl acrylate;mg/L;SMILES
C=CC(=O)OCCCCOC(=O)C=C;0.06;431;DTXSID6044779;1070-70-8;1,4-Butanediol diacrylate;mg/L;SMILES
C=CC(=O)OCCCO;0.38;[1074, 174];DTXSID8027878;25584-83-2;Hydroxypropyl acrylate;mg/L;SMILES
C=CC(=O)OCCOC;2.7;[408, 1067];DTXSID7025554;3121-61-7;2-Methoxyethyl acrylate;mg/L;SMILES
C=CC(=O)[O-];5.1;249;DTXSID50873988;9003-01-4;Polyacrylic acid;mg/L;SMILES
C=CC(C#N)OC(C)=O;7.866666666666667;[1545, 1108, 1301, 1620, 504, 1469];DTXSID801015438;15667-63-7;1-Cyanoallyl acetate;mg/L;SMILES
C=CC(C)(C)O;21.2;[192, 817];DTXSID3047471;115-18-4;2-Methyl-3-buten-2-ol;mg/L;SMILES
C=CC(C)(O)CCCC(C)CCCC(C)CCCC(C)C;1.1;[1281, 1363];DTXSID2025474;505-32-8;Isophytol;mg/L;SMILES
C=CC(C)C#N;10.12;[180, 1069];DTXSID5025578;16529-56-9;2-Methyl-3-butenenitrile;mg/L;SMILES
C=CC(Cl)CCl;10.89;[153, 865];DTXSID8022113;760-23-6;3,4-Dichloro-1-butene;mg/L;SMILES
C=CC(F)(F)C(F)(F)C(F)(F)C(F)(F)C(F)(F)C(F)(F)C=C;25.94;361;DTXSID20170895;1800-91-5;1,6-Divinylperfluorohexane;mg/L;SMILES
C=CCBr;2.41;[329, 742];DTXSID8024442;106-95-6;Allyl bromide;mg/L;SMILES
C=CCCCCC=C;36.0;[420, 1084];DTXSID6063147;3710-30-3;1,7-Octadiene;mg/L;SMILES
C=CCOCC1CO1;1.46;[752, 286];DTXSID9039232;106-92-3;Allyl glycidyl ether;mg/L;SMILES
C=CN1CCCCCC1=O;1.6;[1130, 12];DTXSID1041423;2235-00-9;N-Vinylcaprolactam;mg/L;SMILES
C=COC(=O)CC;10.0;1499;DTXSID9051537;105-38-4;Vinyl propionate;mg/L;SMILES
C=COC(C)=O;16.08;[725, 383];DTXSID3021431;108-05-4;Vinyl acetate;mg/L;SMILES
C=COCC(C)C;67.0;[1395, 1213];DTXSID8029608;109-53-5;Vinyl isobutyl ether;mg/L;SMILES
C=COCCCC;33.3;1492;DTXSID5051575;111-34-2;Butyl vinyl ether;mg/L;SMILES
C=COCCCCOC=C;6.3;624;DTXSID1063227;3891-33-6;Butane, 1,4-bis(ethenyloxy)-;mg/L;SMILES
C=CSC(C)O;1.14;1232;DTXSID10184906;3090-56-0;Ethanol, 2-(ethenylthio)-;mg/L;SMILES
C=C[Si](C)(C)O[Si](C)(C)C=C;1.91;[750, 207];DTXSID7038810;2627-95-4;Divinyltetramethyldisiloxane;mg/L;SMILES
C=C[Si](C)(OC)OC;5.0;252;DTXSID70894357;16753-62-1;Vinylmethyldimethoxysilane;mg/L;SMILES
C=C[Si](Cl)(Cl)Cl;6.68;1735;DTXSID8026430;75-94-5;Trichloroethenylsilane;mg/L;SMILES
C=C[Si](OC)(OC)OC;17.1;[251, 831];DTXSID2029240;2768-02-7;Vinyltrimethoxysilane;mg/L;SMILES
C=C[Si]1(C)O[Si](C)(C=C)O[Si](C)(C=C)O[Si](C)(C=C)O1;1.32;[1017, 1058, 567];DTXSID3038808;2554-06-5;1,3,5,7-Tetramethyl-1,3,5,7-tetravinylcyclotetrasiloxane;mg/L;SMILES
C=Cc1ccccc1;11.8;[873, 61];DTXSID2021284;100-42-5;Styrene;mg/L;SMILES
C=O;0.29;434;DTXSID7020637;50-00-0;Formaldehyde;mg/L;SMILES
CC;16.29;[1097, 1339, 620, 1463];DTXSID6026377;74-84-0;Ethane;mg/L;SMILES
CC(=O)C(O)c1ccccc1;0.25;[554, 805];DTXSID601313240;1798-60-3;(R)-Phenylacetylcarbinol;mg/L;SMILES
CC(=O)C=C(C)C;4.61;[547, 907];DTXSID1029170;141-79-7;4-Methylpent-3-en-2-one;mg/L;SMILES
CC(=O)CC(C)=O;5.1;[88, 1005, 94];DTXSID4021979;123-54-6;2,4-Pentanedione;mg/L;SMILES
CC(=O)CC(C)C;11.6;[1200, 1358];DTXSID5021889;108-10-1;4-Methyl-2-pentanone;mg/L;SMILES
CC(=O)OCC(C)OC(C)=O;2.17;[812, 598];DTXSID9044827;623-84-7;Propylene glycol diacetate;mg/L;SMILES
CC(=O)OCCOC(C)=O;0.84;1494;DTXSID0026880;111-55-7;1,2-Ethanediol diacetate;mg/L;SMILES
CC(=O)OOC(C)(C)C;2.47;147;DTXSID9029142;107-71-1;tert-Butyl peroxyacetate;mg/L;SMILES
CC(C)(C)C1CCC(O)CC1;0.22;[9, 971, 214];DTXSID5026623;98-52-2;4-tert-Butylcyclohexanol;mg/L;SMILES
CC(C)(C)CCCCCC(=O)Cl;0.4;[250, 1115];DTXSID3028007;40292-82-8;Neodecanoyl chloride;mg/L;SMILES
CC(C)(C)N;3.8;[350, 1007];DTXSID5024681;75-64-9;tert-Butylamine;mg/L;SMILES
CC(C)(C)N=C=O;1.59;[937, 517];DTXSID6061818;1609-86-5;tert-Butyl isocyanate;mg/L;SMILES
CC(C)(C)O;30.83;[574, 1039];DTXSID8020204;75-65-0;tert-Butyl alcohol;mg/L;SMILES
CC(C)(C)OC(=O)CCl;2.37;245;DTXSID7059351;107-59-5;1,1-Dimethylethyl chloroacetate;mg/L;SMILES
CC(C)(C)OC(=O)OC(=O)OC(C)(C)C;0.1;[480, 1002];DTXSID4051904;24424-99-5;Di-tert-butyl dicarbonate;mg/L;SMILES
CC(C)(C)OOC(=O)c1ccccc1;0.26;[955, 630];DTXSID9024699;614-45-9;tert-Butyl perbenzoate;mg/L;SMILES
CC(C)(C)OOC(C)(C)C;22.0;[13, 934];DTXSID2024955;110-05-4;Di-tert-butyl peroxide;mg/L;SMILES
CC(C)(C)S;94.40333333333332;[144, 818, 819];DTXSID0026418;75-66-1;t-Butyl mercaptan;mg/L;SMILES
CC(C)(C)c1ccc(OP(=O)(Oc2ccccc2)Oc2ccccc2)cc1;0.4;[977, 366];DTXSID6024701;56803-37-3;tert-Butylphenyl diphenyl phosphate;mg/L;SMILES
CC(C)(OO)c1ccccc1;1.39;1734;DTXSID3024869;80-15-9;Cumene hydroperoxide;mg/L;SMILES
CC(C)C(=O)OC(=O)C(C)C;4.21;[1137, 70];DTXSID7026609;97-72-3;Isobutyric anhydride;mg/L;SMILES
CC(C)C(C)(C)C;19.073333333333334;[320, 318, 319];DTXSID7060047;464-06-2;2,2,3-Trimethylbutane;mg/L;SMILES
CC(C)C(C)C;264.77;5;DTXSID9025112;79-29-8;2,3-Dimethylbutane;mg/L;SMILES
CC(C)C=O;21.893333333333334;[336, 1121, 335];DTXSID9021635;78-84-2;2-Methylpropanal;mg/L;SMILES
CC(C)CC(C)(C)C;33.52;[427, 871];DTXSID7024370;540-84-1;2,2,4-Trimethylpentane;mg/L;SMILES
CC(C)CC(C)O;16.0;[718, 622];DTXSID2026781;108-11-2;4-Methyl-2-pentanol;mg/L;SMILES
CC(C)CC=O;42.7;[700, 151];DTXSID1021619;590-86-3;3-Methylbutanal;mg/L;SMILES
CC(C)CCCCCCCOP(=O)(Oc1ccccc1)Oc1ccccc1;1.6;1722;DTXSID3025465;29761-21-5;Isodecyl diphenyl phosphate;mg/L;SMILES
CC(C)COC(C)(C)C;68.26666666666667;[1509, 1223, 232, 1615, 1457, 1085];DTXSID10186667;33021-02-2;Isopropyl tert-butyl ether;mg/L;SMILES
CC(C)Cl;6.54;[1249, 1423];DTXSID6047739;75-29-6;2-Chloropropane;mg/L;SMILES
CC(C)NC(C)C;4.97;[997, 244, 996];DTXSID9025085;108-18-9;Diisopropylamine;mg/L;SMILES
CC(C=O)Cc1ccc(C(C)(C)C)cc1;0.18;827;DTXSID9026500;80-54-6;2-(4-Tert-Butylbenzyl)propionaldehyde;mg/L;SMILES
CC(CC#N)N1CC1;0.54;1340;DTXSID40884028;4078-19-7;1-Aziridinepropanenitrile, .beta.-methyl-;mg/L;SMILES
CC(N)CN;32.8;79;DTXSID4021761;78-90-0;1,2-Diaminopropane;mg/L;SMILES
CC(O)CCO;0.22;1721;DTXSID8026773;107-88-0;1,3-Butanediol;mg/L;SMILES
CC(O)CN(C)C;3.0;1663;DTXSID5031210;108-16-7;Dimepranol;mg/L;SMILES
CC/C=C\C#N;2.87;[56, 757];DTXSID2027884;25899-50-7;(2Z)-2-Pentenenitrile;mg/L;SMILES
CC1CCCC(C)C1N;3.5999999999999996;[1448, 1609, 364, 1263, 1040, 1526];DTXSID60988158;6850-63-1;2,6-Dimethylcyclohexan-1-amine;mg/L;SMILES
CC1CO1;10.14;[917, 55];DTXSID5021207;75-56-9;(+/-)-1,2-Propylene oxide;mg/L;SMILES
CC1OC1C;5.2;[680, 365];DTXSID5025239;3266-23-7;2,3-Epoxybutane;mg/L;SMILES
CC=O;22.7025;[1317, 1318, 555, 556, 1012, 1013, 1437, 1438];DTXSID5039224;75-07-0;Acetaldehyde;mg/L;SMILES
CCC;23.89;[1385, 786, 228, 1222];DTXSID5026386;74-98-6;Propane;mg/L;SMILES
CCC#N;3.3;105;DTXSID1021879;107-12-0;Propionitrile;mg/L;SMILES
CCC(=O)Cl;0.2;[1417, 1167];DTXSID4058819;79-03-8;Propanoyl chloride;mg/L;SMILES
CCC(=O)OC;22.7;646;DTXSID7027201;554-12-1;Methyl propanoate;mg/L;SMILES
CCC(C)(C)C;264.77;155;DTXSID4025111;75-83-2;2,2-Dimethylbutane;mg/L;SMILES
CCC(C)(C)OC;5.4;[290, 956];DTXSID8024521;994-05-8;tert-Amyl methyl ether;mg/L;SMILES
CCC(C)(C)OO;2.42;[771, 643];DTXSID6029256;3425-61-4;1,1-Dimethylpropyl hydroperoxide;mg/L;SMILES
CCC(C)C(=O)OC(C)C;5.97;632;DTXSID3047550;66576-71-4;Isopropyl 2-methylbutyrate;mg/L;SMILES
CCC(C)C=O;50.5;[384, 874];DTXSID2021818;96-17-3;2-Methylbutanal;mg/L;SMILES
CCC(C)CC;5.975;[1188, 118];DTXSID8052647;96-14-0;3-Methylpentane;mg/L;SMILES
CCC(C)NCCO;0.76;[562, 1122];DTXSID80885615;35265-04-4;2-[(1-Methylpropyl)amino]ethanol;mg/L;SMILES
CCC(C)OC(=S)S;0.02;666;DTXSID00885293;25306-75-6;Sodium isobutyl xanthate;mg/L;SMILES
CCC/C(C)=N\O;1.24;19;DTXSID901031548;623-40-5;2-Pentanone oxime;mg/L;SMILES
CCC=O;4.6;[794, 173];DTXSID2021658;123-38-6;Propanal;mg/L;SMILES
CCCC;31.49;[1416, 906, 604, 1335];DTXSID7024665;106-97-8;Butane;mg/L;SMILES
CCCC(C)=O;25.5;[258, 948];DTXSID0021888;107-87-9;2-Pentanone;mg/L;SMILES
CCCC1CO1;18.0;[1626, 1244, 1518, 1479];DTXSID40883637;1003-14-1;Oxirane, 2-propyl-;mg/L;SMILES
CCCCBr;37.06;256;DTXSID6021903;109-65-9;1-Bromobutane;mg/L;SMILES
CCCCC(=O)Cl;2.07;[753, 204];DTXSID2034091;638-29-9;Valeryl chloride;mg/L;SMILES
CCCCC(C=O)CC;4.1;[569, 683];DTXSID9025291;123-05-7;2-Ethylhexaldehyde;mg/L;SMILES
CCCCC(CC)CN;1.55;[472, 965];DTXSID4025298;104-75-6;2-Ethylhexylamine;mg/L;SMILES
CCCCC(CC)COC(=O)CCCCCCCC(=O)OCC(CC)CCCC;0.0;[806, 558];DTXSID3026697;103-24-2;Bis(2-ethylhexyl) nonanedioate;mg/L;SMILES
CCCCC(CC)COC(=O)CCS;3.91;1725;DTXSID30866151;50448-95-8;Propanoic acid, 3-mercapto-, 2-ethylhexyl ester;mg/L;SMILES
CCCCCC(=O)O;1.37;[1144, 193];DTXSID7021607;142-62-1;Hexanoic acid;mg/L;SMILES
CCCCCC(C)C;33.52;77;DTXSID001014462;26635-64-3;Isooctane;mg/L;SMILES
CCCCCCCC(=O)O;0.16;686;DTXSID3021645;124-07-2;Octanoic acid;mg/L;SMILES
CCCCCCCC/C=C\CCCCCCCCOCCO;0.1;31;DTXSID1027714;9004-98-2;9-Octadecen-1-ol-ethylene oxide copolymer;mg/L;SMILES
CCCCCCCCC;20.380000000000003;[972, 59, 60, 973];DTXSID9025796;111-84-2;Nonane;mg/L;SMILES
CCCCCCCCCC(C)(C)SSc1n[nH]c(=S)s1;0.62;262;DTXSID80894722;73984-93-7;1,3,4-Thiadiazole-2(3H)-thione, 5-(tert-dodecyldithio)-;mg/L;SMILES
CCCCCCCCCCOCCO;0.1;161;DTXSID1029334;26183-52-8;Polyethylene glycol monodecyl ether;mg/L;SMILES
CCCCCCCC[Si](OCC)(OCC)OCC;0.25;[931, 196];DTXSID2029246;2943-75-1;Triethoxyoctylsilane;mg/L;SMILES
CCCCCCOC(=O)Cl;1.17;69;DTXSID1064110;6092-54-2;Carbonochloridic acid, hexyl ester;mg/L;SMILES
CCCCCCOC(C)=O;9.04;[770, 269];DTXSID6022006;142-92-7;Hexyl acetate;mg/L;SMILES
CCCCCON=O;3.46;[521, 1308];DTXSID3024522;463-04-7;Pentyl nitrite;mg/L;SMILES
CCCCN;4.0062500000000005;[1541, 488, 489, 1592, 1297, 855, 856, 1403];DTXSID1021904;109-73-9;Butylamine;mg/L;SMILES
CCCCOCC;4.25;1319;DTXSID7052311;628-81-9;1-Ethoxybutane;mg/L;SMILES
CCCCOCC(C)O;3.58;734;DTXSID8027589;5131-66-8;1-Butoxy-2-propanol;mg/L;SMILES
CCCCOCC(C)OCC(C)O;0.33;1068;DTXSID8027959;29911-28-2;1-[(1-Butoxy-2-propanyl)oxy]-2-propanol;mg/L;SMILES
CCCCOCC1CO1;5.58;673;DTXSID9024691;2426-08-6;Butyl glycidyl ether;mg/L;SMILES
CCCCOCCOC(C)=O;3.07;[802, 349];DTXSID1026904;112-07-2;2-Butoxyethyl acetate;mg/L;SMILES
CCCCOCCOCCOCCO;2.4;[1284, 1422];DTXSID7021520;143-22-6;2-[2-(2-Butoxyethoxy)ethoxy]ethanol;mg/L;SMILES
CCCCl;6.54;1292;DTXSID3051462;540-54-5;1-Chloropropane;mg/L;SMILES
CCCN;7.083333333333332;[1570, 678, 1353, 589, 1327, 1558];DTXSID6021878;107-10-8;Propylamine;mg/L;SMILES
CCCN(CCC)CCC;1.49;[211, 1078];DTXSID9021849;102-69-2;Tripropylamine;mg/L;SMILES
CCCOC(C)=O;32.0;[1066, 412];DTXSID6021901;109-60-4;Propyl acetate;mg/L;SMILES
CCCS;22.74;80;DTXSID5026750;107-03-9;1-Propanethiol;mg/L;SMILES
CCCl;50.99;930;DTXSID1020302;75-00-3;Chloroethane;mg/L;SMILES
CCN(C)C;10.34;1004;DTXSID4027232;598-56-1;N,N-Dimethylethylamine;mg/L;SMILES
CCN(CC)CCO;4.6;[1632, 1652];DTXSID5021837;100-37-8;N,N-Diethylethanolamine;mg/L;SMILES
CCN(CCCl)c1ccc(C=O)cc1;1.68;[537, 989];DTXSID20181022;2643-07-4;p-((2-Chloroethyl)ethylamino)benzaldehyde;mg/L;SMILES
CCN1CCNCC1;9.22;[732, 157];DTXSID8073346;5308-25-8;Piperazine, 1-ethyl-;mg/L;SMILES
CCNCC;15.616666666666665;[1736, 371, 372];DTXSID6021909;109-89-7;Diethylamine;mg/L;SMILES
CCNc1ccccc1C;0.96;102;DTXSID1059107;94-68-8;N-Ethyl-2-methylaniline;mg/L;SMILES
CCOC(=O)OCC;17.75;[390, 719];DTXSID3025041;105-58-8;Diethyl carbonate;mg/L;SMILES
CCOC(=O)[C@H](C)O;5.4;[261, 1158];DTXSID9042336;687-47-8;(L)-(-)-Ethyl lactate;mg/L;SMILES
CCOC(C)(C)C;5.88;[888, 612];DTXSID0025604;637-92-3;Ethyl t-butyl ether;mg/L;SMILES
CCOC(C)(C)CC;23.2;[878, 382];DTXSID7061279;919-94-8;Butane, 2-ethoxy-2-methyl-;mg/L;SMILES
CCOC=O;21.0;150;DTXSID6040117;109-94-4;Ethyl formate;mg/L;SMILES
CCOCC;98.67;[705, 588];DTXSID3021720;60-29-7;Diethyl ether;mg/L;SMILES
CCOCC(C)O;9.59;[1217, 1450];DTXSID1041267;1569-02-4;1-Ethoxy-2-propanol;mg/L;SMILES
CCOCC(C)OC(C)=O;6.99;[310, 751];DTXSID40866445;54839-24-6;1-Ethoxypropan-2-yl acetate;mg/L;SMILES
CCOCCC(=O)OCC;6.07;[363, 710];DTXSID0027309;763-69-9;Ethyl 3-ethoxypropionate;mg/L;SMILES
CCOCC[NH3+];7.61;[778, 52];DTXSID8059392;110-76-9;Ethanamine, 2-ethoxy-;mg/L;SMILES
CCOP(=O)(C(=O)c1c(C)cc(C)cc1C)c1ccccc1;0.0;[1093, 86];DTXSID40868808;84434-11-7;Ethyl phenyl(2,4,6-trimethylbenzoyl)phosphinate;mg/L;SMILES
CCOP(OCC)c1ccccc1;0.32;[473, 1092, 1293, 1461];DTXSID8061840;1638-86-4;Diethyl phenylphosphonite;mg/L;SMILES
CCO[Si](C)(C)C;20.57;14;DTXSID5051814;1825-62-3;Ethoxytrimethylsilane;mg/L;SMILES
CCO[Si](C)OCC;26.31;[1210, 172];DTXSID40893418;2031-62-1;Diethoxy(methyl)silane;mg/L;SMILES
CCO[Si](CC[Si](OCC)(OCC)OCC)(OCC)OCC;0.38;[293, 294];DTXSID7051763;16068-37-4;1,2-Bis(triethoxysilyl)ethane;mg/L;SMILES
CC[Si](CC)CC;21.3;495;DTXSID20870702;617-86-7;Silane, triethyl-;mg/L;SMILES
CCc1ccccc1;1.73;[544, 542];DTXSID3020596;100-41-4;Ethylbenzene;mg/L;SMILES
CCc1ncc(C)[nH]1;0.03;[1472, 1254];DTXSID9044744;931-36-2;2-Ethyl-4-methyl-1H-imidazole;mg/L;SMILES
CI;4.08;[880, 471];DTXSID0024187;74-88-4;Methyl iodide;mg/L;SMILES
CN(C)C=O;5.85;[561, 1114];DTXSID6020515;68-12-2;N,N-Dimethylformamide;mg/L;SMILES
CN(C)CCCCCCN(C)C;1.54;[648, 760];DTXSID5033701;111-18-2;N,N,N',N'-Tetramethyl-1,6-hexanediamine;mg/L;SMILES
CN(C)CCN(C)CCN(C)C;2.09;[321, 926];DTXSID7029249;3030-47-5;1,1,4,7,7-Pentamethyldiethylenetriamine;mg/L;SMILES
CN(C)CCO;6.08;653;DTXSID2020505;108-01-0;Dimethylaminoethanol;mg/L;SMILES
CN(C)CCOCCO;0.4;[57, 58, 1143];DTXSID1027427;1704-62-7;2-[2-(Dimethylamino)ethoxy]ethanol;mg/L;SMILES
CN1CCCCC1;2.4233333333333333;[1573, 684, 1357, 1489, 1171, 29];DTXSID8060822;626-67-5;Piperidine, 1-methyl-;mg/L;SMILES
COC(=O)C(C)O;5.4;[800, 1113, 348, 101];DTXSID0027197;547-64-8;Methyl 2-hydroxypropanoate;mg/L;SMILES
COC(=O)CCS;2.1766666666666663;[1476, 1623, 1128, 397, 1271, 1531];DTXSID6027509;2935-90-2;Methyl 3-mercaptopropionate;mg/L;SMILES
COC(=O)c1ccc(C)cc1;0.49;[651, 949];DTXSID4025668;99-75-2;Methyl 4-methylbenzoate;mg/L;SMILES
COC(C)(C)C;85.0;[668, 886];DTXSID3020833;1634-04-4;Methyl tert-butyl ether;mg/L;SMILES
COC(OC)OC;40.0;[217, 1146, 541];DTXSID7027122;149-73-5;Trimethoxymethane;mg/L;SMILES
COC1CCCC1;21.5;328;DTXSID2074958;5614-37-9;Cyclopentane, methoxy-;mg/L;SMILES
COCCCOCCCOC;5.34;183;DTXSID0042327;111109-77-4;Dipropylene glycol dimethyl ether;mg/L;SMILES
CO[P+](=O)OC;7.1;[764, 550];DTXSID5020493;868-85-9;Dimethyl phosphonate;mg/L;SMILES
CO[SiH](CC1CCCCC1)OC;2.06;[360, 813];DTXSID40864805;17865-32-6;Cyclohexyl(methyl)dimethoxysilane;mg/L;SMILES
CO[Si](C)(C)OC;4.7;[122, 863];DTXSID0042379;1112-39-6;Dimethoxydimethylsilane;mg/L;SMILES
CO[Si](C)OC;4.6;[449, 891];DTXSID90893443;16881-77-9;Methyldimethoxysilane;mg/L;SMILES
CO[Si](CC(C)C)(OC)OC;11.31;[1057, 447];DTXSID1066366;18395-30-7;Silane, trimethoxy(2-methylpropyl)-;mg/L;SMILES
CO[Si](CCCCCC[Si](OC)(OC)OC)(OC)OC;0.04;83;DTXSID40868964;87135-01-1;2,11-Dioxa-3,10-disiladodecane, 3,3,10,10-tetramethoxy-;mg/L;SMILES
CO[Si](CCCOCC1CO1)(OC)OC;0.56;1064;DTXSID5027489;2530-83-8;Trimethoxy[3-(oxiran-2-ylmethoxy)propyl]silane;mg/L;SMILES
CO[Si](CC[Si](OC)(OC)OC)(OC)OC;0.03;621;DTXSID6066369;18406-41-2;2,7-Dioxa-3,6-disilaoctane, 3,3,6,6-tetramethoxy-;mg/L;SMILES
CO[Si](OC)(OC)OC;0.4;[993, 526];DTXSID3027291;681-84-5;Tetramethyl orthosilicate;mg/L;SMILES
CO[Si](OC)(c1ccccc1)c1ccccc1;0.42;1044;DTXSID2044717;6843-66-9;Dimethoxy(diphenyl)silane;mg/L;SMILES
COc1cc(C=O)cc([N+](=O)[O-])c1O;0.04;15;DTXSID2075344;6635-20-7;5-Nitrovanillin;mg/L;SMILES
COc1cc(C=O)ccc1O;0.04;[1328, 1011, 1436, 590];DTXSID0021969;121-33-5;4-Hydroxy-3-methoxybenzaldehyde;mg/L;SMILES
COc1ccc(C)cc1;6.032222222222222;[1411, 1412, 1195, 1196, 1180, 1393, 1394, 1211, 1212];DTXSID9026710;104-93-8;1-Methoxy-4-methylbenzene;mg/L;SMILES
COc1ccc(N=Nc2ccc(N=Nc3cccc(S(=O)(=O)[O-])c3)cc2OC)cc1;7.17;400;DTXSID7069819;63405-85-6;Benzenesulfonic acid, 3-[[3-methoxy-4-[(4-methoxyphenyl)azo]phenyl]azo]-, sodium salt;mg/L;SMILES
CS(=O)(=O)Cl;0.11;[298, 826];DTXSID1021615;124-63-0;Methanesulfonyl chloride;mg/L;SMILES
CSC;104.04;[1729, 404];DTXSID9026398;75-18-3;Dimethyl sulfide;mg/L;SMILES
CSCCC(O)C#N;0.65;[665, 711];DTXSID80884986;17773-41-0;Butanenitrile, 2-hydroxy-4-(methylthio)-;mg/L;SMILES
C[C](C)C;3.8;[520, 701];DTXSID8052514;7756-94-7;Isobutene trimer;mg/L;SMILES
C[Si](C)(C)C;21.3;422;DTXSID9026423;75-76-3;Tetramethylsilane;mg/L;SMILES
C[Si](C)(C)O[Si](C)(C)O[Si](C)(C)O[Si](C)(C)C;2.58;231;DTXSID2044551;141-62-8;Decamethyltetrasiloxane;mg/L;SMILES
C[Si](C)(C)[O-];12.6;[1218, 1506, 205];DTXSID7061433;1066-40-6;Trimethylsilanol;mg/L;SMILES
C[Si](Cl)(Cl)CCl;6.8;[145, 908];DTXSID7027411;1558-33-4;Dichloro(chloromethyl)methylsilane;mg/L;SMILES
C[Si](Cl)Cl;4.23;1731;DTXSID5026413;75-54-7;Methyldichlorosilane;mg/L;SMILES
C[Si]1(C)N[Si](C)(C)N[Si](C)(C)N1;4.9;409;DTXSID4037748;1009-93-4;2,2,4,4,6,6-Hexamethylcyclotrisilazane;mg/L;SMILES
C[Si]1O[Si](C)O[Si](C)O[Si](C)O1;4.9;[1163, 4];DTXSID10870958;2370-88-9;Cyclotetrasiloxane, 2,4,6,8-tetramethyl-;mg/L;SMILES
C[Si]1O[Si](C)O[Si](C)O[Si](C)O[Si](C)O1;4.9;[657, 1349];DTXSID80871154;6166-86-5;Cyclopentasiloxane, 2,4,6,8,10-pentamethyl-;mg/L;SMILES
Cc1ccc(Cl)cc1Cl;2.67;[608, 740];DTXSID5040702;95-73-8;2,4-Dichlorotoluene;mg/L;SMILES
Cc1ccc2ccccc2c1;1.73;[97, 99];DTXSID4020878;91-57-6;2-Methylnaphthalene;mg/L;SMILES
Cc1cccc(C)c1;26.395882352941175;[1056, 1120, 522, 523, 524, 525, 1453, 1550, 1611, 563, 564, 1119, 1309, 1052, 1053, 1054, 1055];['DTXSID2021446', 'DTXSID6026298'];['1330-20-7', '108-38-3'];['m-Xylene', 'Xylenes'];mg/L;SMILES
Cc1cccc(N=C=O)c1;0.03;[16, 1041, 1449, 1166];DTXSID9060732;621-29-4;m-Tolyl isocyanate;mg/L;SMILES
Cc1ccccc1C;27.481;[1186, 107, 108, 109, 110, 111, 851, 852, 853, 1497];DTXSID3021807;95-47-6;o-Xylene;mg/L;SMILES
Cc1ccccc1Cc1ccccc1;1.6933333333333334;[1009, 203, 822];DTXSID8041666;27776-01-8;Benzyltoluene;mg/L;SMILES
Cc1ccccc1OCC1CO1;0.04;[828, 22];DTXSID8024862;2210-79-9;o-Cresyl glycidyl ether;mg/L;SMILES
Cc1ccccc1[N+](=O)[O-];1.09;[801, 54];DTXSID4025791;88-72-2;2-Nitrotoluene;mg/L;SMILES
Cc1ccccn1;8.56;[992, 268, 405];DTXSID9021899;109-06-8;2-Methylpyridine;mg/L;SMILES
Cc1nccn1C;0.9;[1443, 1326];DTXSID2061939;1739-84-0;1H-Imidazole, 1,2-dimethyl-;mg/L;SMILES
Cl/C=C\CCl;3.26;[765, 1185, 93, 1379];DTXSID1032305;10061-01-5;(Z)-Dichloropropene;mg/L;SMILES
ClC(Cl)(Cl)Cl;48.4;[659, 660, 966, 967];DTXSID8020250;56-23-5;Carbon tetrachloride;mg/L;SMILES
ClCBr;38.6;[152, 1071];DTXSID4021503;74-97-5;Bromochloromethane;mg/L;SMILES
ClCCCl;7.76;[200, 791];DTXSID6020438;107-06-2;1,2-Dichloroethane;mg/L;SMILES
ClCCOCCCl;1.49;201;DTXSID9020168;111-44-4;Bis(chloroethyl) ether;mg/L;SMILES
Clc1ccc(Cl)cc1;5.07;[553, 850];DTXSID1020431;106-46-7;1,4-Dichlorobenzene;mg/L;SMILES
Clc1cccc(Cl)c1;17.6;202;DTXSID6022056;541-73-1;1,3-Dichlorobenzene;mg/L;SMILES
Clc1nc(Cl)nc(Cl)n1;0.17;[546, 1019, 1020];DTXSID6026799;108-77-0;2,4,6-Trichloro-s-triazine;mg/L;SMILES
Clc1nc2ccccc2s1;0.08;[233, 795];DTXSID2052289;615-20-3;2-Chlorobenzothiazole;mg/L;SMILES
FC(C(F)C(F)(F)C(F)(F)F)C(F)(F)F;114.43;1006;DTXSID30869884;138495-42-8;2H,3H-Decafluoropentane;mg/L;SMILES
FC(F)(F)OC(F)(Cl)C(F)(F)Cl;21.98;[81, 1070];DTXSID80946331;2356-53-8;1,2-Dichloro-1,1,2-trifluoro-2-(trifluoromethoxy)ethane;mg/L;SMILES
FC(F)(F)c1ccc(Cl)c(Cl)c1;15.86;[1723, 652];DTXSID5027142;328-84-7;1,2-Dichloro-4-(trifluoromethyl)benzene;mg/L;SMILES
FC(F)(F)c1ccc(Cl)nc1;13.7;[587, 1014];DTXSID8075251;52334-81-3;Pyridine, 2-chloro-5-(trifluoromethyl)-;mg/L;SMILES
FC(F)(I)C(F)(F)C(F)(F)C(F)(F)I;23.185000000000002;[25, 1170];DTXSID30190948;375-50-8;Perfluoro-1,4-diiodobutane;mg/L;SMILES
FC(F)=C(F)OC(F)(F)C(F)(F)C(F)(F)F;58.7;470;DTXSID0061826;1623-05-8;Perfluoropropyl trifluorovinyl ether;mg/L;SMILES
FC(F)=C(F)OC(F)(F)C(F)(F)F;188.71;503;DTXSID1075305;10493-43-3;Perfluoroethyl vinyl ether;mg/L;SMILES
FCC(F)(F)F;2122.09;1742;DTXSID1021324;811-97-2;1,1,1,2-Tetrafluoroethane;mg/L;SMILES
Fc1cc(Br)cc(F)c1F;22.23;53;DTXSID70346346;138526-69-9;1-Bromo-3,4,5-trifluorobenzene;mg/L;SMILES
N#Cc1c(F)cccc1F;2.64;1087;DTXSID5044609;1897-52-5;2,6-Difluorobenzonitrile;mg/L;SMILES
NC(=O)c1ccccc1N;0.01;[226, 438];DTXSID2021789;88-68-6;2-Aminobenzamide;mg/L;SMILES
NC1CCCC1;7.7;[385, 1141];DTXSID4061387;1003-03-8;Cyclopentanamine;mg/L;SMILES
NCCO;1.3;[82, 1470];DTXSID6022000;141-43-5;Ethanolamine;mg/L;SMILES
NN;0.76;[330, 779];DTXSID3020702;302-01-2;Hydrazine;mg/L;SMILES
Nc1ccc(OC(F)(F)F)cc1;1.0;[1243, 295];DTXSID70196722;461-82-5;4-Trifluoromethoxyaniline;mg/L;SMILES
Nc1ccccc1N;1.34;[775, 655];DTXSID3025881;95-54-5;1,2-Phenylenediamine;mg/L;SMILES
O=C(CCl)c1ccc(F)cc1;0.04;[1233, 1365];DTXSID70196560;456-04-2;2-Chloro-4'-fluoroacetophenone;mg/L;SMILES
O=C(CCl)c1ccc(F)cc1F;0.04;1267;DTXSID40343185;51336-94-8;2-Chloro-2',4'-difluoroacetophenone;mg/L;SMILES
O=C(Cl)C(Cl)Cl;12.26;1730;DTXSID6024965;79-36-7;Dichloroacetyl chloride;mg/L;SMILES
O=C(Cl)CCCCCl;0.32;[1003, 549];DTXSID60166272;1575-61-7;Valeryl chloride, 5-chloro-;mg/L;SMILES
O=C(Cl)Oc1ccccc1;0.29;[968, 154];DTXSID9044403;1885-14-9;Phenyl carbonochloridate;mg/L;SMILES
O=C1CCCC1;19.5;[411, 830];DTXSID3029154;120-92-3;Cyclopentanone;mg/L;SMILES
O=C1CCCCC1;6.2;[1000, 271];DTXSID6020359;108-94-1;Cyclohexanone;mg/L;SMILES
O=C=NC1CCCCC1;0.02;[49, 925];DTXSID8025464;3173-53-3;Isocyanatocyclohexane;mg/L;SMILES
O=C=Nc1ccc(Cl)c(Cl)c1;0.1;[248, 697];DTXSID9033008;102-36-3;3,4-Dichlorophenyl isocyanate;mg/L;SMILES
O=C=Nc1ccc(Cl)cc1;0.11;[1442, 1251];DTXSID7040732;104-12-1;4-Chlorophenyl isocyanate;mg/L;SMILES
O=C=Nc1cccc(C(F)(F)F)c1;0.09;[755, 334];DTXSID0027143;329-01-1;3-(Trifluoromethyl)phenyl isocyanate;mg/L;SMILES
O=C=Nc1cccc(Cl)c1;0.04;[1508, 1574];DTXSID1062702;2909-38-8;m-Chlorophenyl isocyanate;mg/L;SMILES
O=CC1CC=CCC1;9.16;1733;DTXSID1026661;100-50-5;3-Cyclohexene-1-carboxaldehyde;mg/L;SMILES
O=CO;7.85;[41, 939];DTXSID2024115;64-18-6;Formic acid;mg/L;SMILES
O=Cc1ccc(Cl)cc1;0.28500000000000003;[601, 1059, 1333, 1454];DTXSID2021860;104-88-1;4-Chlorobenzaldehyde;mg/L;SMILES
O=Cc1ccccc1Cl;1.2;[1089, 507];DTXSID5024764;89-98-5;2-Chlorobenzaldehyde;mg/L;SMILES
O=N[O-];88.8;508;DTXSID5042320;7758-09-0;Potassium nitrite;mg/L;SMILES
O=S(=O)(Cl)Cl;0.88;[283, 1015];DTXSID6029707;7791-25-5;Sulfuryl chloride;mg/L;SMILES
O=[Si]([O-])O;2.06;[1147, 291];DTXSID5029635;1312-76-1;Potassium silicate;mg/L;SMILES
O=[Si]([O-])[O-];2.06;[32, 617];['DTXSID7029669', 'DTXSID9029647'];['6834-92-0', '1344-09-8'];['Sodium silicate (Na2SiO3)', 'Sodium silicate'];mg/L;SMILES
O=[Si]=O;2.2;30;DTXSID1029677;7631-86-9;Silica;mg/L;SMILES
OCC(F)(F)C(F)F;10.8;1555;DTXSID8058796;76-37-9;2,2,3,3-Tetrafluoro-1-propanol;mg/L;SMILES
OCC1CO1;1.79;[610, 885];DTXSID4020666;556-52-5;Glycidol;mg/L;SMILES
OCCS;2.0;[284, 687];DTXSID4026343;60-24-2;2-Mercaptoethanol;mg/L;SMILES
Oc1ccccc1-c1ccccc1;0.04;[881, 84];DTXSID2021151;90-43-7;2-Phenylphenol;mg/L;SMILES
S=C=S;10.35;661;DTXSID6023947;75-15-0;Carbon disulfide;mg/L;SMILES
SCc1ccccc1;1.19;1720;DTXSID6026664;100-53-8;Benzenemethanethiol;mg/L;SMILES
[O-]CCS;2.03;47;DTXSID70880972;37482-11-4;2-Mercaptoethanol sodium salt;mg/L;SMILES
[SiH3]N([SiH3])[SiH3];0.44;140;DTXSID80160732;13862-16-3;Silanamine, N,N-disilyl-;mg/L;SMILES
c1ccc(-c2ccccc2)cc1;3.02;[156, 990];DTXSID4020161;92-52-4;Biphenyl;mg/L;SMILES
c1ccc(OCC2CO2)cc1;1.98;[437, 909];DTXSID8021145;122-60-1;Phenyl glycidyl ether;mg/L;SMILES
