NAME,SMILES
0,BrC(Br)Br
1,Brc1cc(Br)c(N=C2NCCN2)c(Br)c1
2,Brc1cccc(Br)c1N=C1NCCN1
3,C#CC(C)(O)CC
4,C#CC(O)(/C=C/Cl)CC
5,C#CC1(OC(N)=O)CCCCC1
6,C#CC1(OC[C@@H](O)CN2CCN(c3ccc(F)cc3)CC2)CCCCC1
7,C#CCC1(OC(N)=O)CCCCC1
8,C#CCN(C)CCCOc1ccc(Cl)cc1Cl
9,C#CCN(C)Cc1ccccc1
10,C#CCN(C)[C@@H](C)Cc1ccccc1
11,C#CCN1C(=O)CN=C(c2ccccc2)c2cc(Cl)ccc21
12,C#CCN[C@H]1CCc2ccccc21
13,C#CCO
14,C#C[C@H](OC(N)=O)c1ccccc1
15,C/C(=C/CCN1CCC2(CC1)C(=O)NCN2c1ccccc1)c1ccc(F)cc1
16,C/C(=C1/CCOC(=O)S1)N(C=O)Cc1cnc(C)nc1N
17,C/C=C(/CC)C(=O)NC(N)=O
18,C/C=C(\CC)C(=O)NC(N)=O
19,C/C=C/C(=O)N(CC)[C@@H](CC)C(=O)N(C)C
20,C/C=C/C(=O)N(CCC)[C@@H](CC)C(=O)N(C)C
21,C/N=C(/C[N+](=O)[O-])NCCSCc1ccc(CN(C)C)o1
22,C/N=C(/C[N+](=O)[O-])NCCSc1ccc(CN(C)C)o1
23,C/N=C(/Cc1ccc2ccccc2c1)NC
24,C1=C(C=C2NCCN2)CCc2ccccc21
25,C1=CCC2=C3C(=NC2=C1)CCN[C@H]3Cc1ccccc1
26,C1=Cc2c(cccc2OC[C@@H]2CNCCO2)C1
27,C1=N[C@@H](CC2=Cc3ccccc3CC2)CN1
28,C1CC1
29,C1CCCCC1
30,C1CCc2nnnn2CC1
31,C1CO1
32,C=C
33,C=C(C)CNCC(=O)N(C)c1ccc(Cl)cc1C(=O)c1ccccc1
34,C=C(CC)C(=O)c1ccc(OCC(=O)O)c(Cl)c1Cl
35,C=C1CCC2(O)C3Cc4ccc(O)c5c4C2(CCN3CC2CC2)C1O5
36,C=C1c2ccccc2CN(CCCN(C)C)c2ccccc21
37,C=CC
38,C=CC#N
39,C=CC1([C@@H](C)CCC)C(=O)NC(=O)NC1=O
40,C=CC1CN2CCC1CC2[C@@H](O)c1ccnc2ccc(OC)cc12
41,C=CC1CN2CCC1C[C@H]2[C@@H](O)c1ccnc2ccc(OC)cc12
42,C=CC=C
43,C=CCC(CC)(CC)C(N)=O
44,C=CCC1(C(C)C)C(=O)NC(=O)NC1=O
45,C=CCC1(C(C)CC)C(=O)NC(=O)NC1=O
46,C=CCC1(CC(=C)Br)C(=O)NC(=O)NC1=O
47,C=CCC1(CC(C)(C)C)C(=O)NC(=O)NC1=O
48,C=CCC1(CC(C)C)C(=O)NC(=O)NC1=O
49,C=CCC1(CC=C)C(=O)NC(=O)NC1=O
50,C=CCC1(C[C@H](C)O)C(=O)NC(=O)NC1=O
51,C=CCC1([C@@H](C)C#CCC)C(=O)NC(=O)N(C)C1=O
52,C=CCC1([C@@H](C)CCC)C(=O)NC(=O)NC1=O
53,C=CCC1([C@@H](C)CCC)C(=O)NC(=S)NC1=O
54,C=CCC1([C@@H]2C=CCCC2)C(=O)NC(=S)NC1=O
55,C=CCCCCCC
56,C=CCCCCCCC
57,C=CCCCCCCCC
58,C=CCN1C(=O)O[C@@H](C)C1=O
59,C=CCN1C(=O)[C@H](CC(C)C)NC1=S
60,C=CCN1CCC23CCCC[C@@H]2C1Cc1ccc(O)cc13
61,C=CCN1CCC[C@H]1CNC(=O)c1cc(S(N)(=O)=O)c(N)cc1OC
62,C=CCN1CCC[C@H]1CNC(=O)c1cc([SH](=O)=O)cc(OC)c1OC
63,C=CCO/N=C1/CN=C(c2ccccc2Cl)c2cc(Cl)ccc2N1
64,C=CC[C@H](N)Cc1ccccc1
65,C=CC[C@H](N)c1ccccc1-c1noc2ccccc12
66,C=CCc1ccccc1OC[C@@H](O)CNC(C)C
67,C=COC=C
68,C=COCC(F)(F)F
69,C=COCCCCOC=C
70,C=C[C@@H](N)CCC(=O)O
71,C=C[C@@H]1CNCC[C@@H]1CCCc1ccnc2ccc(OC)cc12
72,C=C[C@H]1CCC(C)=C[C@@H]1c1c(O)cc(CCCCC)cc1O
73,C=Cc1ccccc1
74,CC(=O)C[C@@H](c1ccccc1)c1c(O)oc2ccccc2c1=O
75,CC(=O)Cn1nc(-c2c(-c3ccccc3)nn3ccccc23)ccc1=O
76,CC(=O)N1CCC2(C[C@H]1CN1CCCC1)NC(=O)NC2=O
77,CC(=O)NC1C(=O)N2C(C(=O)O)=C(CSc3nnnn3C)CS[C@@H]12
78,CC(=O)NCC1(c2ccccc2)CCN(CCCC(=O)c2ccc(F)cc2)CC1
79,CC(=O)NCCCN1CCN(c2cc(Cl)ccc2Cl)CC1
80,CC(=O)NCCCOc1cccc(CN2CCCCC2)c1
81,CC(=O)NCCC[C@H](NC(C)=O)C(=O)O
82,CC(=O)NCCn1c(C)cc(C=O)c1C
83,CC(=O)NNC(=O)CC(O)(c1ccccc1)c1ccccc1
84,CC(=O)N[C@@H](CCC(N)=O)C(=O)O
85,CC(=O)Nc1c(I)c(NC(C)=O)c(I)c(C(=O)O)c1I
86,CC(=O)Nc1ccc(O)cc1
87,CC(=O)Nc1ccc(OC(=O)[C@@H]2CCC(=O)N2)cc1
88,CC(=O)Nc1ccc(OC(=O)c2ccccc2O)cc1
89,CC(=O)Nc1ccc(OC(=O)c2ccccc2OC(C)=O)cc1
90,CC(=O)Nc1ccc(OC(C)(C)C)cc1
91,CC(=O)Nc1cccc(-c2csc(N=C(N)N)n2)c1
92,CC(=O)Nc1cccc(O)c1
93,CC(=O)Nc1nnc(S(N)(=O)=O)s1
94,CC(=O)OC(C)C
95,CC(=O)OCC(C)C
96,CC(=O)OCC(CCn1cnc2cnc(N)nc21)COC(C)=O
97,CC(=O)OCC/C(SC(C)=O)=C(/C)N(C=O)Cc1cnc(C)nc1N
98,CC(=O)OCC1=C(C(=O)O)N2C(=O)C(NC=O)[C@@H]2SC1
99,CC(=O)OCC1=C(C)N2C(=O)C(NC(=O)CC#N)[C@@H]2SC1
100,CC(=O)OCCC(C)C
101,CC(=O)OCCN1CCN(CCCN2c3ccccc3Sc3ccc(Cl)cc32)CC1
102,CC(=O)OCOC(=O)[C@@H]1N2C(=O)C[C@@H]2SC1(C)C
103,CC(=O)O[C@@H](c1ccccc1)[C@@H]1CCCCN1
104,CC(=O)Oc1ccccc1C(=O)O
105,CC(=O)SC[C@@H](Cc1ccccc1)C(=O)NCC(=O)OCc1ccccc1
106,CC(=O)c1ccc([C@H](O)[C@H](CO)NC(=O)C(Cl)Cl)cc1
107,CC(=O)c1ccc2c(c1)N(CCCN(C)C)c1ccccc1S2
108,CC(=O)c1ccc2c(c1)N(CCCN1CCC(CCO)CC1)c1ccccc1S2
109,CC(=O)c1ccc2c(c1)N(CCCN1CCN(CCO)CC1)c1ccccc1S2
110,CC(=O)c1ccc2c(c1)N(C[C@H](C)N(C)C)c1ccccc1S2
111,CC(C)(C)C(=O)NCCCC(=O)O
112,CC(C)(C)C1CCCCC1
113,CC(C)(C)N1CCC(c2ccccc2)(c2ccccc2)CC1
114,CC(C)(C)NC[C@@H](O)c1ccc(O)c(CO)c1
115,CC(C)(C)NC[C@@H](O)c1ccc(O)c(NC(N)=O)c1
116,CC(C)(C)NC[C@@H](O)c1ccccc1F
117,CC(C)(C)NC[C@H](O)COc1cccc2c1CCC(=O)N2
118,CC(C)(C)NC[C@H](O)COc1ccccc1C#N
119,CC(C)(C)NC[C@H](O)c1ccc(O)c(CO)n1
120,CC(C)(C)O
121,CC(C)(C)OC(=O)CCCc1ccc(N(CCCl)CCCl)cc1
122,CC(C)(C)[C@@H](O)/C=C/c1ccc2c(c1)OCO2
123,CC(C)(C)[C@@H](O)/C=C\c1ccc2c(c1)OCO2
124,CC(C)(C)[N+](=O)C=C1C=CN(O)C=C1
125,CC(C)(C)c1ccc(OCF)c(CN[C@H]2CCCN[C@H]2c2ccccc2)c1
126,CC(C)(CO)[C@H](O)C(=O)NCCCC(=O)O
127,CC(C)(O)C(C)(O)c1ccc(Cl)cc1
128,CC(C)(O)C(C)(O)c1cccc(Cl)c1
129,CC(C)(O)C(Cl)(Cl)Cl
130,CC(C)(O)C(F)(F)F
131,CC(C)(O)CC(C)(O)c1ccc(Cl)cc1
132,CC(C)(Oc1ccc(Cl)cc1)C(=O)O
133,CC(C)(c1ccc(O)cc1)c1ccc(O)cc1
134,CC(C)=CCN1CCC2(C)c3cc(O)ccc3C[C@H]1[C@H]2C
135,CC(C)=CCN1CCC23c4c5ccc(O)c4OC2C(=O)CCC3(O)C1C5
136,CC(C)=O
137,CC(C)Br
138,CC(C)C1(C(C)C)OC[C@H](CO)O1
139,CC(C)CC(CN)CC(=O)O
140,CC(C)CCNC[C@H]1COc2ccccc2O1
141,CC(C)CCO[C@H](CN1CCCC1)c1ccccc1
142,CC(C)CO
143,CC(C)COC[C@H](CN(Cc1ccccc1)c1ccccc1)N1CCCC1
144,CC(C)C[C@H](N(C)C)C1(c2ccc(Cl)cc2)CCC1
145,CC(C)Cc1ccc([C@H](C)C(=O)O)cc1
146,CC(C)N(CCNC(=O)CN1CCCC1=O)C(C)C
147,CC(C)N1CCC(N(C(=O)Cc2ccccc2)c2ccc(Cl)cc2)CC1
148,CC(C)N1CCO[C@@H](c2ccc(C(F)(F)F)cc2)C1
149,CC(C)N1CCO[C@@H](c2cccc(C(F)(F)F)c2)C1
150,CC(C)NC(=O)OC1CCN(CCCC(=O)c2ccc(F)cc2)CC1
151,CC(C)NC1C2CCC(CC2)C1(O)c1ccc(Cl)c(Cl)c1
152,CC(C)NC[C@@H](O)c1ccc(NS(C)(=O)=O)cc1
153,CC(C)NC[C@@H](O)c1ccc(O)c(O)c1
154,CC(C)NC[C@H](O)COc1ccc(CC(N)=O)cc1
155,CC(C)NC[C@H](O)COc1ccc(CCOCC2CC2)cc1
156,CC(C)NC[C@H](O)COc1cccc2[nH]ccc12
157,CC(C)NC[C@H](O)COc1cccc2c1C[C@H](O)[C@@H](O)C2
158,CC(C)NC[C@H](O)COc1cccc2ccccc12
159,CC(C)NNC(=O)COc1ccc(Cl)cc1
160,CC(C)NNC(=O)c1ccncc1
161,CC(C)NS(=O)(=O)CCN1C(=O)c2ccccc2C1=O
162,CC(C)O
163,CC(C)OC(=O)c1ncn2c1[C@@H]1CCCN1C(=O)c1cc(Br)ccc1-2
164,CC(C)OCC(COC(C)C)OCn1cnc2cnc(N)nc21
165,CC(C)Oc1ccccc1N1CCN(Cc2cccc(C(=O)N3CCCCC3)c2)CC1
166,CC(C)[C@@H](CN1CCCC1)N(C)C(=O)Cc1ccc(Cl)c(Cl)c1
167,CC(C)[C@H](Br)C(=O)NC(N)=O
168,CC(C)[C@H](CCCCCC(=O)O)NCc1ccc(F)cc1
169,CC(C)[C@H](N)C(=O)OCCOCn1cnc2c(=O)[nH]c(N)nc21
170,CC(C)[C@H](NC(=O)[C@H](Cc1ccccc1)NC(=O)CN)C(N)=O
171,CC(C)[C@H](O)C1CCCCC1
172,CC(C)[N+](C)(CCOC(=O)C1c2ccccc2Oc2ccccc21)C(C)C
173,CC(C)[N+]1(C)C2CCC1CC(OC(=O)C(CO)c1ccccc1)C2
174,CC(C)c1cccc(C(C)C)c1O
175,CC(C)c1ccccc1OCC1=NCCN1
176,CC(C)c1nc(-c2ncn3c2CN(C)C(=O)c2c(Cl)cccc2-3)no1
177,CC(C)n1c(=O)c2c(-c3noc(C4CC4)n3)ncn2c2ccccc21
178,CC(CC1c2ccccc2CCc2ccccc21)CN(C)C
179,CC(CN1CCOCC1)C(C(=O)N1CCCC1)(c1ccccc1)c1ccccc1
180,CC(C[N+](C)(C)C)OC(N)=O
181,CC(Cc1ccc(O)c(O)c1)(NN)C(=O)O
182,CC(Cc1ccccc1)(NC(=O)CN)c1ccccc1
183,CC(Cc1ccccc1)N1CC(NC(=O)Nc2ccccc2)[O+]N1
184,CC(Cl)(Cl)Cl
185,CC(Cl)Cl
186,CC(N)(Cc1ccc(O)c(O)c1)C(=O)O
187,CC([C@H](C)OC(N)=O)[C@H](C)OC(N)=O
188,CC/C(=C(/CC)c1ccc(O)cc1)c1ccc(O)cc1
189,CC/C(=C(/c1ccccc1)c1ccc(OCCN(C)C)cc1)c1ccccc1
190,CC/C(=C(\c1ccccc1)c1ccc(OCCN(C)C)cc1)c1ccccc1
191,CC/C=C(/C)C1(CC)C(=O)NC(=O)NC1=O
192,CC/C=C(\C)C1(CC)C(=O)NC(=O)NC1=O
193,CC1(C)C(NC(=O)/C(=N\OCC(=O)O)c2csc(N)n2)C(=O)N1OS
194,CC1(C)C(NC/C(=N/OCC(=O)O)c2csc(N)n2)C(=O)N1O[SH]=O
195,CC1(C)CC(=O)N(CCCCN2CCN(c3ncccn3)CC2)C(=O)C1
196,CC1(C)CCN(C(=O)Cc2ccc(Cl)c(Cl)c2)[C@H](CN2CCCC2)C1
197,CC1(C)CN(CCN2CCN(c3cccc(Cl)c3)C2=O)C1
198,CC1(C)NC(=O)[C@H](/C=C/c2ccccc2)O1
199,CC1(C)NC(=O)[C@H](/C=C\c2ccccc2)O1
200,CC1(C)OC(=O)NC1=O
201,CC1(C)OC(=O)Nc2ccc(Br)cc21
202,CC1(c2ccccc2)CC(=O)N(CN2CCOCC2)C1=O
203,CC12CC3CC(C)(C1)CC(N)(C3)C2
204,CC12CCC(CC1=O)C2(C)C
205,CC12CCCCC[C@@H](Cc3ccc(O)cc31)[C@@H]2N
206,CC12CC[C@@H]3c4ccc(O)cc4CC[C@@H]3[C@@H]1CCC2=O
207,CC12CC[C@@H]3c4ccc(O)cc4CC[C@@H]3[C@@H]1CCC2O
208,CC12N[C@@H](Cc3ccccc31)c1ccccc12
209,CC1=C(/C=C/C(C)=C/C=C/C(C)=C/C(=O)O)C(C)(C)CCC1
210,CC1=C(C(=O)O)N2C(=O)C(NC(=O)CS/C=C/C#N)[C@@H]2SC1
211,CC1=C(C(=O)O)N2C(=O)C(NC(=O)CS/C=C\C#N)[C@@H]2SC1
212,CC1=C(C(=O)O)N2C(=O)C(NC(=O)Cc3ccc(C)cc3)[C@@H]2SC1
213,CC1=C(C(=O)O)N2C(=O)C(NC(=O)Cc3ccccc3CN)[C@@H]2SC1
214,CC1=CC(=C2C=CC(=O)C=C2)NN=C1NCCN1CCOCC1
215,CC1=CC(=O)N2CC(=O)N(C)c3ccc(Cl)cc3C2(c2ccccc2)O1
216,CC1=CC[C@@H]2C3Cc4ccc(O)c5c4C2(CCN3C)[C@H]1O5
217,CC1=CC[C@@H]2C3Cc4ccc(O)c5c4C2(CN3C)[C@H]1O5
218,CC1=Nc2ccccc2C[C@@H](c2ccccc2)N1C
219,CC1CCCC1
220,CC1CCN(CCCC(=O)c2ccc(F)cc2)CC1
221,CC1CCN(CCCN2c3ccccc3Sc3ccc(C(F)(F)F)cc32)CC1
222,CC1NC(=O)C1NC(=O)/C(=N/OC(C)(C)C(=O)O)c1csc(N)n1
223,CC1NC(=O)C1NC(=O)/C(=N\OC(C)(C)C(=O)O)c1csc(N)n1
224,CCC(=O)C(CCN(C)C)(c1ccccc1)c1ccccc1
225,CCC(=O)C(C[C@H](C)N(C)C)(c1ccccc1)c1ccccc1
226,CCC(=O)C(c1ccccc1)(c1ccccc1)C(C)CN(C)C
227,CCC(=O)C1(N2CCCCC2)CCN(CCCC(=O)c2ccc(F)cc2)CC1
228,CCC(=O)C1(c2cccc(O)c2)CCN(C)CC1
229,CCC(=O)N(c1ccc(Cl)c(Cl)c1)[C@H]1CCC[C@@H]1N(C)C
230,CCC(=O)N(c1ccccc1)C1(C(=O)OC)CCN(CCC(=O)OC)CC1
231,CCC(=O)N(c1ccccc1)C1(C(=O)OC)CCN(CCc2ccccc2)CC1
232,CCC(=O)N(c1ccccc1)C1(COC)CCN(CCc2cccs2)CC1
233,CCC(=O)N(c1ccccc1)C1(COC)CCN(CCn2nnn(CC)c2=O)CC1
234,CCC(=O)N(c1ccccc1)C1CCN(CCc2ccccc2)CC1
235,CCC(=O)NC1C(=O)N2C(C(=O)O)=C(COC(C)=O)CS[C@@H]12
236,CCC(=O)Nc1ccc(O)cc1
237,CCC(=O)OC(Cc1ccccc1)(c1ccccc1)C(C)CN(C)C
238,CCC(=O)OC1(c2ccccc2)CCN(C)C[C@@H]1C
239,CCC(=O)OC1(c2ccccc2)CCN(C)C[C@@H]1CC
240,CCC(=O)c1ccc2c(c1)N(CCCN1CCN(CCO)CC1)c1ccccc1S2
241,CCC(=O)c1ccc2c(c1)N(C[C@H](C)N(C)C)c1ccccc1S2
242,CCC(Br)(C(N)=O)C(C)C
243,CCC(Br)(CC)C(=O)NC(=O)NC(C)=O
244,CCC(Br)(CC)C(=O)NC(N)=O
245,CCC(C)(C)C
246,CCC(C)(C)O
247,CCC(C)(C)OC
248,CCC(C)(CC)OC(N)=O
249,CCC(C)(S(=O)(=O)CC)S(=O)(=O)CC
250,CCC(C)=O
251,CCC(C)C1(CC)C(=O)NC(=O)NC1=O
252,CCC(C)CC
253,CCC(C)CO
254,CCC(C)[C@H](CC)C(=O)NC(N)=O
255,CCC(C)[C@H](CC)C(N)=O
256,CCC(CC)(CNC(=O)CCCO)c1cccc(OC)c1
257,CCC(O)(CC(N)=O)c1ccccc1
258,CCC(O)(COC(N)=O)c1ccccc1
259,CCC1(C)C(=O)NC(=O)NC1=O
260,CCC1(C)CC(=O)NC(=O)C1
261,CCC1(C)CC(=O)NC1=O
262,CCC1(C)OC(=O)N(C)C1=O
263,CCC1(C2=CCCCC2)C(=O)NC(=O)NC1=O
264,CCC1(C2=CCCCCC2)C(=O)NC(=O)NC1=O
265,CCC1(CC)C(=O)C=CNC1=O
266,CCC1(CC)C(=O)NC(=O)N(C)C1=O
267,CCC1(CC)C(=O)NC(=O)N(c2ccccc2)C1=O
268,CCC1(CC)C(=O)NC(=O)NC1=O
269,CCC1(CC)C(=O)NC=C(C)C1=O
270,CCC1(CC)C(=O)NC[C@H](C)C1=O
271,CCC1(CCC(C)C)C(=O)NC(=O)NC1=O
272,CCC1(O)CCN2CCc3ccc(C)cc3[C@@H]2C1
273,CCC1(c2ccc(N)cc2)CCC(=O)NC1=O
274,CCC1(c2ccccc2)C(=O)N(COC)C(=O)N(COC)C1=O
275,CCC1(c2ccccc2)C(=O)NC(=O)N(C(=O)c2ccccc2)C1=O
276,CCC1(c2ccccc2)C(=O)NC(=O)N(C)C1=O
277,CCC1(c2ccccc2)C(=O)NC(=O)N1C
278,CCC1(c2ccccc2)C(=O)NC(=O)NC1=O
279,CCC1(c2ccccc2)C(=O)NCNC1=O
280,CCC1(c2ccccc2)CCC(=O)NC1=O
281,CCC1(c2ccccc2)NC(=O)N(C)C1=O
282,CCC1(c2ccccc2)NCC(=O)NC1=O
283,CCC1(c2ccccc2)OC[C@H]([C@@H]2CCCCN2)O1
284,CCC12CCN(CC3(O)CC3)[C@@H](Cc3ccc(O)cc31)C2(C)C
285,CCC12CCN(CC3CC3)[C@@H](Cc3ccc(O)cc31)C2(C)C
286,CCC12CCN(CC3CCC3)[C@@H](Cc3ccc(O)cc31)C2(C)C
287,CCC1CC(=O)C2Oc3c(OC)ccc4c3C23CCNC(C4)[C@@H]13
288,CCCBr
289,CCCC(=O)N(C)Cc1c(-c2ccc(Cl)cc2)nc2ccccn12
290,CCCC(=O)Nc1ccc(OC[C@@H](O)CNC(C)C)c(C(C)=O)c1
291,CCCC(=O)c1ccc2c(c1)N(CCCN1CCN(C)CC1)c1ccccc1S2
292,CCCC(C)(COC(N)=O)COC(N)=O
293,CCCC(C)=O
294,CCCC(C)C
295,CCCC(C)CC
296,CCCC(CCC)(CCC)C(N)=O
297,CCCC(CCC)C(=O)O
298,CCCC(CCC)C(=O)OCOC(=O)C(C)(C)C
299,CCCC(CCC)C(N)=O
300,CCCC/N=C(/c1cc(Cl)ccc1O)c1ccccc1Cl
301,CCCC/N=C(\c1cc(Cl)ccc1O)c1ccccc1Cl
302,CCCC1(CC)C(=O)NC(=O)NC1=O
303,CCCC1(c2cccc(O)c2)CCN(C)C[C@H]1C
304,CCCCC
305,CCCCC(C)C
306,CCCCC/C(=N/OCCN)c1ccc(C)c(N)c1
307,CCCCC1(CC)C(=O)NC(=O)NC1=O
308,CCCCC1(CCOC(N)=O)C(=O)NC(=O)NC1=O
309,CCCCC1C(=O)N(c2ccccc2)N(c2ccccc2)C1=O
310,CCCCCC
311,CCCCCC(=O)CCC1(C)[C@@H]2Cc3ccccc3C1(C)CCN2C
312,CCCCCC(C)C
313,CCCCCC1(CC)C(=O)NC(=O)NC1=O
314,CCCCCCC
315,CCCCCCC(C)C
316,CCCCCCC1(CC)C(=O)NC(=O)NC1=O
317,CCCCCCCC
318,CCCCCCCC(C)C
319,CCCCCCCC1(CC)C(=O)NC(=O)NC1=O
320,CCCCCCCCC
321,CCCCCCCCC1(CC)C(=O)NC(=O)NC1=O
322,CCCCCCCCCC
323,CCCCCCCCCC1(C)OC[C@@H](COC(N)=O)O1
324,CCCCCCCCCCOc1c(OC)cc(C(N)=O)cc1OC
325,CCCCCCCCCNc1ncnc2[nH]ccc12
326,CCCCCCCNC(=O)Oc1ccc2c(c1)C1(C)CCN(C)[C@H]1N2C
327,CCCCCCN1CCC(C(=O)N(C)CC)(c2ccccc2)CC1
328,CCCCCCN1CCN(c2ccc(I)cc2)CC1
329,CCCCCCOc1nsnc1C1=CCCN(C)C1
330,CCCCCCSc1nsnc1C1=CCCN(C)C1
331,CCCCCC[C@H](C)NN
332,CCCCCCn1ccc(=O)c(O)c1C
333,CCCCCNC12C=CC(=O)C3Oc4c(O)ccc5c4C31CCN(C)C2C5
334,CCCCCNCC(N)=O
335,CCCCCO
336,CCCCCOC(C)=O
337,CCCCC[C@H](N)C(O)(c1ccccc1)c1ccccc1
338,CCCCCn1ccc(=O)c(O)c1C
339,CCCCN1C[C@H]2Cc3cc(OC)c(OC)cc3[C@H]2C1
340,CCCCNC(=O)NS(=O)(=O)c1ccc(C)cc1
341,CCCCNC(=O)OCC(C)(CCC)COC(N)=O
342,CCCCNC[C@H]1COc2cccc(OCC)c2O1
343,CCCCNC[C@H]1COc2ccccc2O1
344,CCCCNc1c(C(=O)OCC)c(C)nc2c1cnn2CC
345,CCCCNc1c(C(=O)OCC)cnc2c1cnn2CC
346,CCCCO
347,CCCCOC(=O)c1ccc(N)cc1
348,CCCCOC(C)=O
349,CCCCOC[C@@H](O)CN1C(=O)NC(=O)C(CC)(c2ccccc2)C1=O
350,CCCCOc1ccc(C(=O)CCN2CCCCC2)cc1
351,CCCCSc1ccc([C@@H](SCCN(C)C)c2ccccc2)cc1
352,CCCC[C@H](CC)CNC(=O)C[C@H](C)O
353,CCCCc1nc(Cl)c(CO)n1Cc1ccc(-c2ccccc2-c2nnn[nH]2)cc1
354,CCCCc1oc2ccccc2c1C(=O)c1cc(I)c(OCCN(CC)CC)c(I)c1
355,CCCCn1c(=O)c2c(ncn2CC(C)=O)n(CCCC)c1=O
356,CCCCn1ccc(=O)c(O)c1C
357,CCCN(CCC)C(=O)Cc1c(-c2ccc(Cl)cc2)nc2ccc(Cl)cn12
358,CCCN(CCC)CCc1cc(O)c2c(c1)CC(=O)N2
359,CCCN(CCC)CCc1ccc(O)c2c1CC(=O)N2
360,CCCN(CCC)CCc1ccc(O)c2c1CC(C)=N2
361,CCCN(CCC)CCc1ccc2c(c1)CC(=O)N2
362,CCCN(CCC)CCc1cccc2c1CC(=O)N2
363,CCCN(CCC)S(=O)(=O)c1ccc(C(=O)O)cc1
364,CCCN(CCC)[C@H]1Cc2cccc3cc(O)cc(c23)C1
365,CCCN(c1ccncc1)n1ccc2ccccc21
366,CCCN1CC=C(c2c[nH]c3ccc(Cl)cc23)CC1
367,CCCN1CCC[C@H]1CNC(=O)c1cc(S(N)(=O)=O)ccc1OC
368,CCCNC(=O)N1C[C@H](c2ccccc2)OC1=O
369,CCCNC(=O)NS(=O)(=O)c1ccc(Cl)cc1
370,CCCNC(=O)c1ccc2c(c1)N(CCN1CCCC1)c1ccccc1S2
371,CCCNC[C@H](O)COc1ccccc1C(=O)CCc1ccccc1
372,CCCO
373,CCCOC(=O)Cc1ccc(OCC(=O)N(CC)CC)c(OC)c1
374,CCCOC(=O)c1ccc(N)cc1
375,CCCOC(=O)c1cncn1[C@@H](C)c1ccccc1
376,CCCOC(C)=O
377,CCCSc1ccc2[nH]/c(=N\C(=O)OC)[nH]c2c1
378,CCC[C@@H](C(=O)c1ccc(C)cc1)N1CCCC1
379,CCC[C@@H](C)CC
380,CCC[C@@H](Cc1ccccc1)N1CCCC1
381,CCC[C@@H](O)Cl
382,CCC[C@@H]1OC1(CC)C(N)=O
383,CCC[C@H](C)C1(CC)C(=O)NC(=O)NC1=O
384,CCC[C@H](C)C1(CC)C(=O)NC(=S)NC1=O
385,CCC[C@H](C)C1(CCSC)C(=O)NC(=S)NC1=O
386,CCC[C@H](CC)C1(CC)C(=O)NC(=O)NC1=O
387,CCC[C@H](CC)C1(CC)C(=O)NC(=S)NC1=O
388,CCCl
389,CCCn1c(=O)c2[nH]c([C@H]3CCC(=O)C3)nc2n(CCC)c1=O
390,CCN(C(C)=O)c1cccc(-c2ccnc3c(C#N)cnn23)c1
391,CCN(C)C(=O)Oc1cccc([C@H](C)N(C)C)c1
392,CCN(CC)C(=O)C1(c2ccccc2)C[C@@H]1CN
393,CCN(CC)C(=O)C1C2C=CC(C2)C1C(=O)N(CC)CC
394,CCN(CC)C(=O)CNC(=O)c1cc(OC)c(OC)c(OC)c1
395,CCN(CC)C(=O)c1cccnc1
396,CCN(CC)C(=S)SSC(=S)N(CC)CC
397,CCN(CC)C/C=C(\O)N1c2ccccc2Sc2ccc(C(F)(F)F)cc21
398,CCN(CC)C/C=C1/c2ccccc2Nc2cc(Cl)ccc21
399,CCN(CC)CC(=O)Nc1c(C)cccc1C
400,CCN(CC)CC(=O)Oc1ccc(NC(C)=O)cc1
401,CCN(CC)CCC[C@H](C)Nc1ccnc2cc(Cl)ccc12
402,CCN(CC)CCN1C(=O)CN=C(c2ccccc2F)c2cc(Cl)ccc21
403,CCN(CC)CCN1c2ccccc2Sc2ccccc21
404,CCN(CC)CCNC(=O)COc1ccc(Cl)cc1
405,CCN(CC)CCNC(=O)COc1ccc(OC)cc1
406,CCN(CC)CCNC(=O)c1cc(Br)c(N)cc1OC
407,CCN(CC)CCNC(=O)c1cc(Cl)cc(Cl)c1OC
408,CCN(CC)CCNC(=O)c1cc(S(C)(=O)=O)ccc1OC
409,CCN(CC)CCOC(=O)C(O)(c1ccccc1)c1ccccc1
410,CCN(CC)CCOC(=O)C1(C2CCCCC2)CCCCC1
411,CCN(CC)CCOC(=O)c1ccc(N)cc1
412,CCN(CC)CCOC1(c2ccc(Cl)cc2)CCCCC1
413,CCN(CC)CCn1cnc2c1c(=O)n(C)c(=O)n2C
414,CCN(CC)[C@@H](C)CN1c2ccccc2Sc2ccccc21
415,CCN(CC)c1ccc(NC(=O)c2ccccc2N)c(C)c1
416,CCN(CCO)CCn1c(Cc2ccccc2)nc2c1c(=O)n(C)c(=O)n2C
417,CCN/C(=N\C#N)NCCSCc1ncccc1Br
418,CCN1C(=O)N[C@@H](c2ccccc2)C1=O
419,CCN1CC(CCN2CCOCC2)C(c2ccccc2)(c2ccccc2)C1=O
420,CCN1CCC(=C(c2ccccc2)c2ccccc2)C1
421,CCN1CCC[C@H]1CNC(=O)c1c(OC)ccc(Br)c1OC
422,CCN1CCC[C@H]1CNC(=O)c1cc(C(C)=O)ccc1OC
423,CCN1CCC[C@H]1CNC(=O)c1cc(S(=O)(=O)CC)c(N)cc1OC
424,CCN1CCC[C@H]1CNC(=O)c1cc(S(=O)(=O)CC)ccc1OC
425,CCN1CCC[C@H]1CNC(=O)c1cc(S(N)(=O)=O)ccc1OC
426,CCN1CCN(c2cc(-c3ccc(F)cc3)c3c(n2)CCCCCC3)CC1
427,CCN1CCc2[nH]c3cc(F)c4scc(C)c4c3c2C1
428,CCN1C[C@@H](CCN2CCOCC2)C(c2ccccc2)(c2ccccc2)C1=O
429,CCNC(=O)/C=C/c1cccc(Br)c1
430,CCNC(=O)/C=C\c1cccc(Br)c1
431,CCNC(=O)N1CCN(CCCC(c2ccc(F)cc2)c2ccc(F)cc2)CC1
432,CCNC(=O)Nc1ccc(OC[C@@H](O)CNC(C)(C)C)c(C(C)=O)c1
433,CCNC(Cc1ccccc1)[C@@H]1CCCO1
434,CCNC1(c2ccccc2)CCCCC1
435,CCNC1(c2cccs2)CCCCC1=O
436,CCNC1=NC(=O)[C@H](c2ccccc2)O1
437,CCNC1=Nc2ccc(Cl)cc2C(C)(c2ccccc2)O1
438,CCNC1=Nc2ccc(Cl)cc2[C@H](c2ccccc2)S1
439,CCNC[C@@H](O)c1cccc(O)c1
440,CCNCc1c(CSC)cnc(C)c1O
441,CCN[C@H]1C2CCC(C2)C1c1ccccc1
442,CCO
443,CCOC(=O)C(C)(C)Oc1ccc(Cl)cc1
444,CCOC(=O)C(c1c(O)oc2ccccc2c1=O)c1c(O)oc2ccccc2c1=O
445,CCOC(=O)C1(c2cccc(O)c2)CCN(C)CC1
446,CCOC(=O)C1(c2ccccc2)CCC=C[C@@H]1N(C)C
447,CCOC(=O)C1(c2ccccc2)CCN(C)CC1
448,CCOC(=O)C1(c2ccccc2)CCN(CCCNc2ccccc2)CC1
449,CCOC(=O)C1(c2ccccc2)CCN(CCc2ccc(N)cc2)CC1
450,CCOC(=O)N(CCN(C)C)c1cccc(C(F)(F)F)c1
451,CCOC(=O)N(Cc1ccccc1)C1CC1
452,CCOC(=O)N1CCC(=C2c3ccc(Cl)cc3CCc3cccnc32)CC1
453,CCOC(=O)N1CCC(=O)N(c2ccccc2)c2cc(Cl)ccc21
454,CCOC(=O)NN[C@@H](C)c1ccccc1
455,CCOC(=O)N[C@@H](O)C(Cl)(Cl)Cl
456,CCOC(=O)Nc1ccc(NCc2ccc(F)cc2)cc1N
457,CCOC(=O)S/C(CCOC(=O)O)=C(/C)N(C=O)Cc1cnc(C)nc1N
458,CCOC(=O)S/C(CCOC(=O)O)=C(\C)N(C=O)Cc1cnc(C)nc1N
459,CCOC(=O)[C@H]1N=C(c2ccccc2F)c2cc(Cl)ccc2NC1=O
460,CCOC(=O)c1ccc(N)cc1
461,CCOC(=O)c1cnc2c(cnn2CC)c1NN=C(C)C
462,CCOC(=O)c1cncn1[C@@H](C)c1ccc(F)cc1
463,CCOC(=O)c1cncn1[C@@H](C)c1ccccc1
464,CCOC(=O)c1ncn2c1CN(C)C(=O)c1cc(F)ccc1-2
465,CCOC(=O)c1ncn2c1CN(CCF)C(=O)c1cc(F)ccc1-2
466,CCOC(C)(C)C
467,CCOC(C)=O
468,CCOC(N)=O
469,CCOCC
470,CCO[C@H]1c2ccccc2C(=O)N(C)c2ccccc21
471,CCOc1cc(N)ccc1C(=O)NC1CCN(C[C@@H]2CC=CCC2)CC1
472,CCOc1ccc(NC(C)=O)cc1
473,CCOc1ccccc1C(N)=O
474,CCOc1ccccc1OC[C@@H]1CNCCO1
475,CCOc1ccccc1O[C@@H](c1ccccc1)[C@@H]1CNCCO1
476,CCS(=O)(=O)C(C)(C)S(=O)(=O)CC
477,CCS(=O)(=O)CCN1C(=O)CN=C(c2ccccc2F)c2cc(Cl)ccc21
478,CCS(=O)(=O)CCn1c([N+](=O)[O-])cnc1C
479,CCS(=O)(=O)c1ccc(F)cc1
480,CCSc1ccc2c(c1)N(CCCN1CCN(C)CC1)c1ccccc1S2
481,CC[C@@H](C(N)=O)N1CCCC1=O
482,CC[C@@H](CO)NCCN[C@@H](CC)CO
483,CC[C@@H]1C(=O)NC(=O)C1(C)c1ccccc1
484,CC[C@H](C(=O)NC(N)=O)c1ccccc1
485,CC[C@H](C)C(C)(COC(N)=O)COC(=O)NC(C)C
486,CC[C@H](C)C(C)(COC(N)=O)COC(N)=O
487,CC[C@H](C)N(C)C(=O)c1cc2ccccc2c(-c2ccccc2Cl)n1
488,CC[C@H](C)N1CCN(c2ccc(I)cc2)CC1
489,CC[C@H](C)Nc1ccc(I)c(N[C@@H](C)CC)c1
490,CC[C@H](N)Cc1c[nH]c2ccccc12
491,CC[C@H](NC(=O)c1c(C)c(-c2ccccc2)nc2ccccc12)c1ccccc1
492,CC[C@H](NC(=O)c1c(O)c(-c2ccccc2)nc2ccccc12)c1ccccc1
493,CC[C@H](NC(=O)c1c(OCC(=O)O)cnc2ccccc12)c1ccccc1
494,CC[C@H](O)C(C[C@H](C)N(C)C)(c1ccccc1)c1ccccc1
495,CC[C@H](OC(N)=O)C1CCCCC1
496,CC[N+](C)(C)Cc1ccccc1Br
497,CC[N+](C)(CC)CCOC(=O)C1c2ccccc2Oc2ccccc21
498,CCc1c(C)[nH]c2c1C(=O)[C@@H]1CN(C)CC[C@H]1C2
499,CCc1c(C)[nH]c2c1C(=O)[C@H](CN1CCOCC1)CC2
500,CCc1c(O)c(=O)ccn1CC
501,CCc1c(O)c(=O)ccn1CCCCO
502,CCc1c(O)c(=O)ccn1CCO
503,CCc1c(OC)nc2nc(-c3noc(C)n3)cn2c1C
504,CCc1c(OC)nc2nc(C(=O)c3ccccc3)cn2c1C
505,CCc1cc(C(N)=S)ccn1
506,CCc1cc2c(s1)-n1c(C)nnc1CN=C2c1ccccc1Cl
507,CCc1cc2c(s1)N(C)C(=O)CN=C2c1ccccc1Cl
508,CCc1ccc(C(=O)C(C)CN2CCCC2)cc1
509,CCc1ccc2c(c1)N(C[C@@H](C)CN(C)C)c1ccccc1S2
510,CCc1cccc(/N=C(/C)Nc2cccc(CC)c2)c1
511,CCc1cccc(/N=C(\C)Nc2cccc(CC)c2)c1
512,CCc1cccc(N/C(C)=[NH+]/c2cccc(CC)c2)c1
513,CCc1cccc2c3c([nH]c12)C(CC)(CC(=O)O)OCC3
514,CCc1ccccc1
515,CCc1ccccc1-n1c(C)nc2ccccc2c1=O
516,CCc1nc(N)nc(N)c1-c1ccc(Cl)cc1
517,CCc1nn(CCCN2CCN(c3cccc(C)c3)CC2)c(=O)n1CCOc1ccccc1
518,CCc1nn(CCCN2CCN(c3cccc(Cl)c3)CC2)c(=O)n1CC
519,CCn1c2c(c3ccccc31)CCSC2(C)CCN(C)C
520,CCn1cc(C(=O)O)c(=O)c2cc(F)c(N3CCN(C)CC3)cc21
521,CCn1cc(C(=O)O)c(=O)c2cc(F)c(N3CCNCC3)cc21
522,CCn1cc(C(=O)O)c(=O)c2cc(F)c(N3CCNCC3)nc21
523,CCn1cc(C(=O)O)c(=O)c2cc(F)c(N3CCN[C@@H](C)C3)c(F)c21
524,CCn1cc(C(=O)O)c(=O)c2ccc(C)nc21
525,CCn1cc(C(=O)O)c(=O)c2ccc(Cc3ccccc3)nc21
526,CCn1ccc(=O)c(O)c1C
527,CCn1nc(C)c2c1C(c1ccccc1)=NCC(=O)N2
528,CN(C(=O)CN(CCO)CCO)c1ccc(Cl)cc1C(=O)c1ccccc1Cl
529,CN(C(=O)CNC(=O)CN)c1ccc(Cl)cc1C(=O)c1ccccc1Cl
530,CN(C(=O)CNC1CC1)c1ccc(Cl)cc1C(=O)c1ccccc1Cl
531,CN(C(=O)Cc1ccc(Cl)c(Cl)c1)[C@H](CN1CCCC1)c1ccccc1
532,CN(C)/N=N/c1[nH]cnc1C(N)=O
533,CN(C)C(=O)CCNc1ccc(Br)cc1
534,CN(C)C(=O)COC1c2ccccc2CCc2ccccc21
535,CN(C)C(=O)Cn1nc(-c2c(-c3ccccc3)nn3ccccc23)ccc1=O
536,CN(C)C(=O)Oc1ccc[n+](C)c1
537,CN(C)C(C)(CO)Cc1ccc(Cl)c(Cl)c1
538,CN(C)C/C=C(/c1ccc(Br)cc1)c1cccnc1
539,CN(C)C1=NC(=O)[C@H](c2ccccc2)O1
540,CN(C)CC#CC=C1c2ccccc2C=Cc2ccccc21
541,CN(C)CC(=O)C=C1c2ccccc2CCc2ccccc21
542,CN(C)CC(=O)N1c2ccccc2Sc2ccccc21
543,CN(C)CC(Oc1ccccc1)Oc1ccccc1
544,CN(C)CC/C=C1/c2ccccc2CNc2cc(Cl)ccc21
545,CN(C)CC/C=C1/c2ccccc2COc2ccccc21
546,CN(C)CC/C=C1/c2ccccc2CSc2ccccc21
547,CN(C)CC/C=C1/c2ccccc2Sc2ccc(Cl)cc21
548,CN(C)CC/C=C1\c2ccccc2COc2ccccc21
549,CN(C)CC1=Cc2ccccc2Sc2ccccc21
550,CN(C)CCC(=O)COc1ccc(Cl)cc1
551,CN(C)CCC1(C)OCCC2=C1Cc1ccccc12
552,CN(C)CCC1(C)OCCC2=C1c1ccccc1C2
553,CN(C)CCC1(c2ccccc2)C=Cc2ccccc21
554,CN(C)CCC1(c2ccccc2)CCc2ccccc2C1=O
555,CN(C)CCC=C1c2ccccc2C(C)(C)c2ccccc21
556,CN(C)CCC=C1c2ccccc2C=Cc2ccccc21
557,CN(C)CCC=C1c2ccccc2CCc2ccccc21
558,CN(C)CCC=C1c2ccccc2Sc2ccccc21
559,CN(C)CCCC1(c2ccc(F)cc2)OCc2cc(C#N)ccc21
560,CN(C)CCCN1Cc2ccccc2Cc2ccccc21
561,CN(C)CCCN1c2ccccc2C(C)(C)c2ccccc21
562,CN(C)CCCN1c2ccccc2C(c2ccccc2)=Nc2cccnc21
563,CN(C)CCCN1c2ccccc2C=Cc2ccccc21
564,CN(C)CCCN1c2ccccc2C=Cc2sccc21
565,CN(C)CCCN1c2ccccc2CC(=O)c2ccccc21
566,CN(C)CCCN1c2ccccc2CCc2ccc(C#N)cc21
567,CN(C)CCCN1c2ccccc2CCc2ccc(Cl)cc21
568,CN(C)CCCN1c2ccccc2CCc2ccccc21
569,CN(C)CCCN1c2ccccc2S(=O)c2ccccc21
570,CN(C)CCCN1c2ccccc2Sc2ccc(C(F)(F)F)cc21
571,CN(C)CCCN1c2ccccc2Sc2ccc(Cl)cc21
572,CN(C)CCCN1c2ccccc2Sc2ccccc21
573,CN(C)CCCN1c2ccccc2Sc2cccnc21
574,CN(C)CCC[C@H]1c2ccccc2Nc2ccc(Cl)cc21
575,CN(C)CCCn1c(=O)c2ccccc2c2ccccc21
576,CN(C)CCCn1c(=O)n(-c2ccccc2)c2cc(Cl)ccc21
577,CN(C)CCCn1c2c(c3ccccc31)CCCCCC2
578,CN(C)CCCn1cc(-c2ccccc2)c(-c2ccccc2)n1
579,CN(C)CCN(C)n1cc(-c2ccccc2)c2ccccc21
580,CN(C)CCN(Cc1cccs1)c1ccccn1
581,CN(C)CCN1C(=O)C[C@@H](c2ccccc2)Sc2ccccc21
582,CN(C)CCN1C(=O)c2ccccc2N(C)c2ccccc21
583,CN(C)CCN1CCN(c2cccc(Cl)c2)C1=O
584,CN(C)CCO
585,CN(C)CCOC(=O)CCC1CCCCC1
586,CN(C)CCOC(=O)COc1ccc(Cl)cc1
587,CN(C)CCOC(C)(c1ccccc1)c1ccc(Cl)cc1
588,CN(C)CCOC(C)(c1ccccc1)c1ccccn1
589,CN(C)CCOC(c1ccccc1)c1ccccc1
590,CN(C)CCOC1(Cc2ccccc2)CC2CCC1(C)C2(C)C
591,CN(C)CCOC1=Cc2ccccc2Sc2ccc(Cl)cc21
592,CN(C)CCON=C1c2ccccc2CCc2ccccc21
593,CN(C)CCO[C@@H](c1ccccc1)c1ccc(Br)cc1
594,CN(C)CCO[C@@H](c1ccccc1)c1ccccc1C(C)(C)C
595,CN(C)CC[C@@H](c1ccccc1)c1ccccn1
596,CN(C)CC[C@H](c1ccccc1)C1CCCCC1
597,CN(C)CCc1c[nH]c2ccc(O)cc12
598,CN(C)CCc1c[nH]c2cccc(OP(=O)(O)O)c12
599,CN(C)CCc1ccccn1
600,CN(C)CCn1cnc2c1c(=O)n(C)c(=O)n2C
601,CN(C)C[C@@H](CN1c2ccccc2Sc2ccccc21)N(C)C
602,CN(C)C[C@@H](O)[C@@H](c1ccccc1)c1ccc(Cl)cc1
603,CN(C)C[C@@H](O)[C@@H](c1ccccc1)c1cccc(Cl)c1
604,CN(C)C[C@H]1COC2(O1)c1ccccc1COc1ccccc12
605,CN(C)Cc1ccc(-c2cccc(N[C@H]3N=CC=C3[N+](=O)[O-])c2)o1
606,CN(C)Cc1ccc(-c2cccc(Nc3[nH]ccc3[N+](=O)[O-])c2)o1
607,CN(C)Cc1ccc(CSCCN[C@H]2N=CC=C2[N+](=O)[O-])o1
608,CN(C)Cc1ccc(CSCCNc2[nH]cc(Cc3ccccc3)c2[N+](=O)[O-])o1
609,CN(C)Cc1ccc(CSCCNc2[nH]ccc2[N+](=O)[O-])o1
610,CN(C)Cc1ccc(SCCNc2[nH]cc(Cc3ccccc3)c2[N+](=O)[O-])o1
611,CN(C)Cc1ccnc(-c2cccc(N[C@H]3N=CC=C3[N+](=O)[O-])c2)c1
612,CN(C)Cc1ccnc(-c2cccc(Nc3[nH]ccc3[N+](=O)[O-])c2)c1
613,CN(C)Cc1nnc2n1-c1ccc(Cl)cc1C(c1ccccc1)=NC2
614,CN(C)N/N=C1/N=CN=C1C(N)=O
615,CN(C)[C@@H](CCOc1cccc2ccccc12)c1ccccc1
616,CN(C)[C@H]1CCc2[nH]c3c(F)cc(F)cc3c2C1
617,CN(C)[C@H]1CCc2[nH]c3ccccc3c2C1
618,CN(C)c1cc(-c2n[nH]c(N)n2)ccn1
619,CN(C)c1ccccc1Sc1ccc(CCF)cc1N
620,CN(C)c1cnccn1
621,CN(C/C=C/C#CC(C)(C)C)Cc1cccc2ccccc12
622,CN(C/C=C/c1ccccc1)CCOC(c1ccccc1)c1ccccc1
623,CN(CCCN1c2ccccc2CCc2ccccc21)CC(=O)c1ccc(Cl)cc1
624,CN(CCc1cc2cccc3c2n1-c1ccccc1CC3)Cc1ccccc1
625,CN/C(=N/C#N)NCCSCc1csc(N=C(N)N)n1
626,CN/C(=N/C#N)NCCSCc1nc[nH]c1C
627,CN/C(=N\C#N)NCCSCc1csc(N=C(N)N)n1
628,CN/C(=N\C#N)NCCSCc1nc[nH]c1C
629,CN/C(=N\C#N)Nc1cccc(-c2csc(N=C(N)N)n2)c1
630,CN/C(C[N+](=O)[O-])=N\CCSCc1ccc(CN(C)C)o1
631,CN1C(=O)CC(=O)N(c2ccccc2)c2cc(C(F)(F)F)ccc21
632,CN1C(=O)CC(=O)N(c2ccccc2)c2cc(Cl)ccc21
633,CN1C(=O)CC(C)(c2ccccc2)C1=O
634,CN1C(=O)CC2(CCN(CCCC(=O)c3ccc(F)cc3)CC2)C1=O
635,CN1C(=O)CCS(=O)(=O)[C@H]1c1ccc(Cl)c(Cl)c1
636,CN1C(=O)CCS(=O)(=O)[C@H]1c1ccc(Cl)cc1
637,CN1C(=O)CC[C@H]1c1cccnc1
638,CN1C(=O)CN(C(N)=O)[C@@H](c2ccccc2)c2cc(Cl)ccc21
639,CN1C(=O)CN2CCc3ccccc3[C@H]2c2cc(Cl)ccc21
640,CN1C(=O)CN=C(C2=CCCCC2)c2cc(Cl)ccc21
641,CN1C(=O)CN=C(C2=CCCCC2)c2cc([N+](=O)[O-])ccc21
642,CN1C(=O)CN=C(c2ccccc2)c2cc(Cl)ccc21
643,CN1C(=O)CN=C(c2ccccc2)c2cc([N+](=O)[O-])ccc21
644,CN1C(=O)CN=C(c2ccccc2F)c2cc(Cl)ccc21
645,CN1C(=O)CN=C(c2ccccc2F)c2cc([N+](=O)[O-])ccc21
646,CN1C(=O)C[C@@H](c2ccccc2)C1=O
647,CN1C(=O)NC(=O)C(C)(C2=CCCCC2)C1=O
648,CN1C(=O)OC(C)(C)C1=O
649,CN1C(=O)[C@H](O)N=C(c2ccccc2)c2cc(Cl)ccc21
650,CN1C(=O)[C@H](O)N=C(c2ccccc2Cl)c2cc(Cl)ccc21
651,CN1C(=O)[C@H](O)N=C(c2ccccc2F)c2cc(Cl)ccc21
652,CN1C(=S)CN=C(c2ccccc2)c2cc(Cl)ccc21
653,CN1C(C(=O)/N=c2/cccc[nH]2)=C(O)c2sccc2S1(=O)=O
654,CN1C(C(=O)/N=c2\cccc[nH]2)=C(O)c2ccccc2S1(=O)=O
655,CN1C(C(=O)Nc2ccccn2)=C(O)c2ccccc2S1(=O)=O
656,CN1CC(=O)N=C1NC(=O)Nc1cccc(Cl)c1
657,CN1CC=C(c2ccccc2)CC1
658,CN1CCC(=C2c3ccccc3C(O)c3ccccc32)CC1
659,CN1CCC(=C2c3ccccc3CCc3sccc32)CC1
660,CN1CCC(=C2c3ccccc3Oc3ccc(Cl)cc32)CC1
661,CN1CCC(=C2c3ccccc3Sc3ccccc32)CC1
662,CN1CCC(C)(CN2c3ccccc3Sc3ccccc32)C1
663,CN1CCC(OC2c3ccccc3CCc3ccccc32)CC1
664,CN1CCC(n2nc(-c3c(-c4ccccc4)nn4ccccc34)ccc2=O)CC1
665,CN1CCC2(C)C[C@@H](Cc3ccc(O)cc32)C1
666,CN1CCC2(C)c3cc(OC(=O)Nc4ccccc4)ccc3N(C)[C@H]12
667,CN1CCC23CCCC[C@@H]2C1Cc1ccc(O)cc13
668,CN1CCC23NC(=O)CC(c4cc(Cl)ccc4O2)[C@H]3C1
669,CN1CCC23c4c5ccc(O)c4OC2(C)C(=O)CC[C@@H]3C1C5
670,CN1CCC23c4c5ccc(O)c4OC2C(=O)CCC3(O)C1C5
671,CN1CCC23c4c5ccc(O)c4OC2C(=O)CC[C@@H]3C1C5
672,CN1CCC23c4c5ccc(O)c4OC2C(C)(O)CC[C@@H]3C1C5
673,CN1CCC23c4c5ccc(O)c4O[C@@H]2[C@@H](O)CCC3C1C5
674,CN1CCC23c4c5ccc(O)c4O[C@H]2CCC[C@@H]3C1C5
675,CN1CCC2=C(C1)c1ccccc1Cc1ccccc12
676,CN1CCC2=C(CC1)c1cc(C#N)ccc1Sc1ccccc12
677,CN1CCC2=C(CC1)c1ccccc1N(C)c1ccccc12
678,CN1CCC2=C(CC1)c1ccccc1Oc1ccccc12
679,CN1CCCC[C@H]1CCN1c2ccccc2Sc2ccc(S(C)(=O)=O)cc21
680,CN1CCCC[C@H]1CCN1c2ccccc2Sc2ccc(S(C)=O)cc21
681,CN1CCCN([C@@H](c2ccccc2)c2ccc(Cl)cc2)CC1
682,CN1CCC[C@H](CN2c3ccccc3Sc3ccccc32)C1
683,CN1CCC[C@H]1c1cccnc1
684,CN1CCCc2cccc(OC[C@@H]3CNCCO3)c21
685,CN1CCN(C(=O)Cc2ccc(Cl)c(Cl)c2)[C@H](CN2CCCC2)C1
686,CN1CCN(C(=O)O[C@H]2c3nccnc3C(=O)N2c2ccccn2)CC1
687,CN1CCN(C2=Cc3cc(Cl)ccc3/C(=C/C#N)c3ccccc32)CC1
688,CN1CCN(C2=Cc3cc(Cl)ccc3/C(=C\C#N)c3ccccc32)CC1
689,CN1CCN(C2=Nc3cc(Cl)ccc3Nc3ccccc32)CC1
690,CN1CCN(C2=Nc3cc(F)ccc3Cc3ccccc32)CC1
691,CN1CCN(C2=Nc3ccccc3Cc3ccccc32)CC1
692,CN1CCN(C2=Nc3ccccc3Oc3ccc(Cl)cc32)CC1
693,CN1CCN(C2=Nc3ccccc3Sc3ccc(Cl)cc32)CC1
694,CN1CCN(C2=Nc3ccccc3Sc3nccn32)CC1
695,CN1CCN(C2=Nc3cscc3/C(=C/C#N)c3cscc32)CC1
696,CN1CCN(C2=c3ccccc3=Nc3ccc(Cl)cc3N2)CC1
697,CN1CCN(CC(=O)N2c3ccccc3C(=O)Nc3cccnc32)CC1
698,CN1CCN(CCC(=O)N2c3ccccc3Sc3ccc(C(F)(F)F)cc32)CC1
699,CN1CCN(CCCN2c3ccccc3Sc3ccc(C(F)(F)F)cc32)CC1
700,CN1CCN(CCCN2c3ccccc3Sc3ccc(Cl)cc32)CC1
701,CN1CCN(CCCN2c3ccccc3Sc3cccc(C(F)(F)F)c32)CC1
702,CN1CCN([C@@H](c2ccccc2)c2ccc(Cl)cc2)CC1
703,CN1CCN([C@H]2Cc3ccccc3Sc3ccc(Cl)cc32)CC1
704,CN1CCN(c2c(F)cc3c(=O)c(C(=O)O)cn(CCF)c3c2F)CC1
705,CN1CCN(c2c(F)cc3c(=O)c(C(=O)O)cn4c3c2SCC4)CC1
706,CN1CCN(c2cc3c(cc2F)c(=O)c(C(=O)O)cn3-c2ccc(F)cc2)CC1
707,CN1CCN(c2cc3c(nn2)Oc2ccccc2N3C)CC1
708,CN1CCN(c2ccccc2Cc2ccccc2)CC1
709,CN1CCN(c2ncc(-c3cc(Cl)cc(Cl)c3Cl)c(N)n2)CC1
710,CN1CCN2c3cc(F)ccc3C(c3cccs3)=NC[C@@H]2C1
711,CN1CCN2c3ccccc3Cc3ccccc3[C@H]2C1
712,CN1CCN2c3ccccc3Cn3cccc3[C@@H]2C1
713,CN1CCN2c3ncccc3Cc3ccccc3[C@H]2C1
714,CN1CCN=C(c2ccccc2)c2cc(Cl)ccc21
715,CN1CCO[C@@H](c2ccccc2)c2ccccc2C1
716,CN1CC[C@@H]2c3cc(Cl)ccc3Oc3ccccc3[C@H]2C1
717,CN1CCc2cc(Cl)c(O)cc2[C@@H](c2cc(Br)cc3c2OCC3)C1
718,CN1CCc2cc(Cl)c(O)cc2[C@@H](c2cccc3c2OCC3)C1
719,CN1CCc2cccc3c2[C@@H]1Cc1ccc(O)c(O)c1-3
720,CN1CN(c2ccccc2)C2(CCN(CCCC(=O)c3csc(I)c3)CC2)C1=O
721,CN1C[C@@H]2c3ccccc3Oc3ccc(Cl)cc3[C@H]2C1
722,CN1Cc2c(-c3noc(C(C)(C)O)n3)ncn2-c2cccc(Cl)c2C1=O
723,CN1Cc2c(-c3noc(C(C)(CO)CO)n3)ncn2-c2cccc(Cl)c2C1=O
724,CN1Cc2c(-c3noc(C(C)(O)CO)n3)ncn2-c2cccc(Cl)c2C1=O
725,CN1Cc2c(C(=O)OC(C)(C)C)ncn2-c2ccsc2C1=O
726,CN1Cc2c(N)cccc2[C@H](c2ccccc2)C1
727,CN1[C@@H](CCl)Nc2cc(Cl)c(S(N)(=O)=O)cc2S1(=O)=O
728,CN1c2ccc(Cl)cc2C(c2ccccc2Cl)=NC[C@H]1CO
729,CN1c2ccccc2C(c2ccccc2Cl)=NCC1(Cl)CO
730,CN1c2ccccc2C(c2ccccc2F)=NC[C@@H]1CNC(=O)c1ccsc1
731,CNC(=O)C1(c2ccc(Cl)cc2)CCN(CCCC(=O)c2ccc(F)cc2)CC1
732,CNC(=O)CCN1CCN(CC/C=C2/c3ccccc3Sc3ccc(Cl)cc32)CC1
733,CNC(=O)CCN1CCN(CC/C=C2\c3ccccc3Sc3ccc(Cl)cc32)CC1
734,CNC(=O)N1CC(Oc2cccc(C(F)(F)F)c2)C1
735,CNC(=O)N[C@@H](O)C(Cl)(Cl)Cl
736,CNC(=O)O[C@@H]1OC(=O)C2(C)C3C=CC(C3)[C@H]12
737,CNC(=O)Oc1ccc2c(c1)C1(C)CCN(C)[C@H]1N2C
738,CNC/C=C(/c1ccc(Br)cc1)c1cccnc1
739,CNC1(c2ccccc2Cl)CCCCC1=O
740,CNC1=CN(O)C(c2ccccc2)=c2cc(Cl)ccc2=N1
741,CNCC12CCC(c3ccccc31)c1ccccc12
742,CNCCC=C1c2ccccc2C(C)(C)c2ccccc21
743,CNCCC=C1c2ccccc2C2CC2c2ccccc21
744,CNCCC=C1c2ccccc2CCc2ccccc21
745,CNCCCC1(C)C(=O)N(c2ccccc2)c2ccccc21
746,CNCCCC1(C)CN(c2ccccc2)c2ccccc21
747,CNCCCC1(c2ccccc2)OC(C)(C)c2ccccc21
748,CNCCCC1(c2ccccc2)SC(C)(C)c2ccccc21
749,CNCCCC12CCC(c3ccccc31)c1ccccc12
750,CNCCCC1c2ccccc2C=Cc2ccccc21
751,CNCCCCOc1ccccc1Cc1ccccc1
752,CNCCCN1Cc2ccccc2Cc2ccccc21
753,CNCCCN1c2ccccc2C(C)(C)c2ccccc21
754,CNCCCN1c2ccccc2CCc2cc(O)ccc21
755,CNCCCN1c2ccccc2CCc2ccccc21
756,CNCCCN1c2ccccc2Sc2ccc(Cl)cc21
757,CNCCCN1c2ccccc2Sc2ccccc21
758,CNCCON=c1c2ccccc2ccc2ccccc12
759,CNCCO[C@@H](c1ccccc1)c1ccccc1C
760,CNCCSC1=Cc2cc(F)ccc2Oc2ccccc21
761,CNCCSC1=Cc2ccccc2Oc2ccc(F)cc21
762,CNCC[C@H](Oc1ccc(C(F)(F)F)cc1)c1ccccc1
763,CNCC[C@H](Oc1cccc2ccccc12)c1cccs1
764,CNCC[C@H](Oc1ccccc1C)c1ccccc1
765,CNCC[C@H](Oc1ccccc1OC)c1ccccc1
766,CNCCc1ccccn1
767,CNC[C@@H](O)CC12CCC(c3ccccc31)c1ccccc12
768,CNC[C@@H](O)c1ccc(O)c(O)c1
769,CNC[C@@H](O)c1cccc(OC(=O)C(C)(C)C)c1
770,CNC[C@H]1CN(c2ccc(OCc3cccc(Cl)c3)cc2)C(=O)O1
771,CNC[CH]c1ccc(OC(=O)C(C)(C)C)c(OC(=O)C(C)(C)C)c1
772,CNCc1ccc(CSCCNc2ncc(Cc3ccc4ccccc4c3)c(=O)[nH]2)o1
773,CNNCc1ccc(C(=O)NC(C)C)cc1
774,CNS(=O)(=O)c1ccc2c(c1)N(CCCN1CCN(C)CC1)c1ccccc1S2
775,CN[C@@H](C)C(=O)c1ccc(OC)cc1
776,CN[C@@H](C)Cc1ccccc1
777,CN[C@@H](C)[C@@H](O)c1ccc(O)cc1
778,CN[C@@H](C)[C@@H](O)c1ccccc1
779,CN[C@H]1CCN2c3ccccc3CCc3cccc1c32
780,CN[C@H]1CC[C@@H](c2ccc(Cl)c(Cl)c2)c2ccccc21
781,CN[C@H]1CC[C@@H](c2ccccc2)c2ccccc21
782,CN[C@H]1CCc2ncsc2C1
783,CN[C@H]1C[C@@H](c2ccc(Cl)c(Cl)c2)c2ccccc21
784,CN[C@H]1Cc2ccccc2N(C)c2ccccc21
785,CNc1ccc(C(=O)N[C@H]2CCN(Cc3ccccc3)[C@H]2C)c(OC)c1
786,CNc1nc(Cl)c(SC)c(N2CCN(C)CC2)n1
787,CO
788,CO/N=C(/C#N)[C@@H]1CN2CCC1CC2
789,CO/N=C(/C(=O)NC1C(=O)N(OCC(=O)O)C1C)c1csc(N)n1
790,CO/N=C(/C(=O)NC1C(=O)N2C=CCS[C@@H]12)c1csc(N)n1
791,CO/N=C(\C(=O)NC1C(=O)N(OCC(=O)O)C1C)c1csc(N)n1
792,CO/N=C(\C(=O)NC1C(=O)N(OCC(=O)OC)C1C)c1csc(N)n1
793,CO/N=C(\C(=O)NC1C(=O)N2C=CCS[C@@H]12)c1csc(N)n1
794,CO/N=C/C1=CCCN(C)C1
795,COC(=O)C1=C(C)NC(C)=C(C(=O)OC)C1c1ccccc1[N+](=O)[O-]
796,COC(=O)C1=CCCN(C)C1
797,COC(=O)[C@@H](c1ccccc1)[C@@H]1CCCCN1
798,COC(=O)[C@@H]1C(O)=CC(Nc2ccc(Cl)cc2)=C[C@@H]1C
799,COC(=O)c1ccc(C(=O)OC)cc1
800,COC(=O)c1cncn1[C@@H](C)c1ccccc1
801,COC(C)(C)C
802,COC(C)=O
803,COC(F)(F)C(Cl)Cl
804,COC(F)(F)[C@@H](F)Br
805,COC1(F)C(F)(F)C1(F)Cl
806,COC1(NC(=O)CSCC#N)C(=O)N2C(C(=O)O)=CCS[C@H]21
807,COC1(NC(=O)Cc2cccs2)C(=O)N2C(C(=O)O)=CCS[C@H]21
808,COC1=CC(=O)O[C@H]1[C@@H](O)c1ccccc1Cl
809,COC1=CC=C2C3Cc4ccc(OC)c5c4C2(CCN3C)[C@@H]1O5
810,COCC(=O)N(c1ccccc1F)C1CCN(CCc2ccccc2)CC1
811,COCCCC/C(=N/OCCN)c1ccc(C(F)(F)F)cc1
812,COCCCC/C(=N/OCCN)c1ccc(Cl)cc1
813,COCCCC/C(=N\OCCN)c1ccc(C(F)(F)F)cc1
814,COCCCC/C(=N\OCCN)c1ccc(Cl)cc1
815,COCCN1CCC23c4c5ccc(O)c4OC2C(=O)CCC3(O)C1C5
816,COCCc1ccc(OC[C@@H](O)CNC(C)C)cc1
817,COCN1C(=O)CN=C(c2ccccc2)c2cc([N+](=O)[O-])ccc21
818,COC[C@@H]1CN(c2ccc(OCc3cccc(C#N)c3)cc2)C(=O)O1
819,COC[C@@H]1CN=C(c2ccccc2Cl)c2cc(Br)ccc2N1C
820,COCc1c(C(=O)OC(C)C)ncc2[nH]c3cccc(Oc4ccc(Cl)cc4)c3c12
821,CO[C@H]1OC2OC3(C)C(O)C[C@@H]([C@@H]2C)[C@H]13
822,CO[C@H]1OC2OC3(CN4CCCCC4)C(O)CC(C13)[C@@H]2C
823,CO[C@H]1[C@@H](OC(N)=O)[C@H](O)[CH]OC1(C)C
824,COc1cc(/C=C/C(=O)N2CCCCCCC2)cc(OC)c1OC
825,COc1cc(/C=C/C(N)=O)cc(OC)c1OC
826,COc1cc(Br)c2oc(C3CCNCC3)cc2c1
827,COc1cc(C(=O)/C=C/N2CC=CC2)cc(OC)c1OC
828,COc1cc(C(=O)N2CCCCCCC2)cc(OC)c1OC
829,COc1cc(C(=O)N2CCOCC2)cc(OC)c1OC
830,COc1cc(C(C)=O)ccc1OCCCN1CCC(c2noc3cc(F)ccc23)CC1
831,COc1cc(CCN)cc(OC)c1OC
832,COc1cc(Cc2cnc(N)nc2N)cc(OC)c1OC
833,COc1cc(N)c(Cl)cc1C(=O)NC1CCN(Cc2ccccc2)CC1
834,COc1cc(NCc2ccc3nc(N)nc(N)c3c2C)cc(OC)c1OC
835,COc1cc2[nH]c(C)c(CCN3CCN(c4ccccc4)CC3)c2cc1OC
836,COc1cc2[nH]c(C)c(CCN3CCN(c4ccccc4OC)CC3)c2cc1OC
837,COc1cc2c(c(CN[C@H]3CCCN[C@H]3c3ccccc3)c1)OCC2
838,COc1cc2c(c(OC)c1OC)-c1cccc(=O)cc1[C@@H](NC(C)=O)CC2
839,COc1cc2c(cc1OC)C(c1ccc(N)cc1)=NN=C(C)C2
840,COc1cc2c(cc1OC)C(c1cccc(Cl)c1)=NN=C(C)C2
841,COc1cc2c(cc1OC)[C@@H]1CC(=O)[C@@H](CC(C)C)CN1CC2
842,COc1cc2c(cc1OC)[C@H](c1ccccc1)CN(C)CC2
843,COc1cc2c3c(c1O)C1(C=CC(=O)C=C1)C[C@@H]3N(C)CC2
844,COc1cc2oc(=O)cc(C)c2cc1OCCCN1CCN(c2ccccc2OC)CC1
845,COc1cc2oc(C)nc2cc1CN[C@H]1CCCN[C@H]1c1ccccc1
846,COc1cc2sc(C)nc2cc1CN[C@H]1CCCN[C@H]1c1ccccc1
847,COc1cc2sc(C3CC3)nc2cc1CN[C@H]1CCCN[C@H]1c1ccccc1
848,COc1ccc(-c2nccs2)cc1CN[C@H]1CCCN[C@H]1c1ccccc1
849,COc1ccc(-n2nc(C)cc2C)cc1CN[C@H]1CCCN[C@H]1c1ccccc1
850,COc1ccc(C(=O)N2CCCC2=O)cc1
851,COc1ccc(C(C)(C)C)cc1CN[C@H]1CCCN[C@H]1c1ccccc1
852,COc1ccc(C(C)C)cc1CN[C@H]1CCCN[C@H]1c1ccccc1
853,COc1ccc(CCN2CCC(Nc3nc4ccccc4n3Cc3ccc(F)cc3)CC2)cc1
854,COc1ccc(CCN2CCN(c3cccc(Cl)c3)CC2)cc1OC
855,COc1ccc(CCN2CCN(c3ccccc3Cl)CC2)cc1OC
856,COc1ccc(CCNCCCC(C#N)(c2ccc(OC)c(OC)c2)C(C)C)cc1OC
857,COc1ccc(CN(CCN(C)C)c2ccccn2)cc1
858,COc1ccc(Cc2nccc3cc(OC)c(OC)cc23)cc1OC
859,COc1ccc(Cl)c2c1CCC[C@@H]2N(C)C
860,COc1ccc(Cn2c(C)c(CCN)c3cc(O)ccc32)cc1
861,COc1ccc(OC(F)(F)F)cc1CN[C@H]1CCCN[C@H]1c1ccccc1
862,COc1ccc(OC[C@@H]2CN(C)CC[C@@H]2c2ccccc2)cc1
863,COc1ccc(S(C)(=O)=O)cc1CN[C@H]1CCCN[C@H]1c1ccccc1
864,COc1ccc(S(N)(=O)=O)cc1C(=O)NC[C@@H]1CCCN1C
865,COc1ccc([C@@H](CN(C)C)C2(O)CCCCC2)cc1
866,COc1ccc([C@H](O)CN2CCN(c3cccccc3=O)CC2)cc1OC
867,COc1ccc([C@H]2CNC(=O)C2)cc1OC1CCCC1
868,COc1ccc2[nH]c(S(=O)Cc3ncc(C)c(OC)c3C)nc2c1
869,COc1ccc2c(C3CCN(CCCC(=O)c4ccc(F)cc4)CC3)c[nH]c2c1
870,COc1ccc2c(c1)/C(=C/CCN(C)C)c1ccccc1O2
871,COc1ccc2c(c1)/C(=C\CCN(C)C)c1ccccc1O2
872,COc1ccc2c(c1)C(N1CCN(C)CC1)=Cc1ccccc1O2
873,COc1ccc2c(c1)C(O)(CCCN(C)C)c1ccccc1S2
874,COc1ccc2c(c1)C13CCCC[C@@H]1C(C2)N(C)CC3
875,COc1ccc2c(c1)CN(C)C[C@H]2c1ccc(Cl)c(Cl)c1
876,COc1ccc2c(c1)N(CCCN(C)C)c1ccccc1S2
877,COc1ccc2c(c1)N(CC[C@@H]1CCCCN1C)c1ccccc1S2
878,COc1ccc2c(c1)N(C[C@@H](C)CN(C)C)c1ccccc1S2
879,COc1ccc2c(c1)N(C[C@@H](C)CN1CCC(O)CC1)c1ccccc1S2
880,COc1ccc2c(c1)c(CC(=O)O)c(C)n2C(=O)c1ccc(Cl)cc1
881,COc1ccc2c(c1)c1c3n2CCN(C)C3=NCC1
882,COc1ccc2c(c1OC)C13CCN(C)C(C2)C1(O)CC[C@H](O)C3
883,COc1ccc2c3c1OC1C(=O)CCC4(O)C(C2)N(C)CCC314
884,COc1ccc2c3c1OC1C(=O)CC[C@@H]4C(C2)N(C)CCC314
885,COc1ccc2c3c1O[C@@H]1C(=O)CCC4(O)C(C2)N(C)CCC314
886,COc1ccc2c3c1O[C@H]1C[C@H](O)C=CC31CCN(C)C2
887,COc1ccc2nc(S(=O)Cc3ncc(C)c(OC)c3C)[nH]c2c1
888,COc1cccc(C(=O)NC2C[C@@H]3CC[C@@H](C2)N3C)c1OC
889,COc1cccc(C2(O)CCCC[C@H]2CN(C)C)c1
890,COc1ccccc1CN[C@H]1CCCN[C@H]1c1ccccc1
891,COc1ccccc1N1CCN(CCCC(=O)c2ccc(F)cc2)CC1
892,COc1ccccc1N1CCN(CCC[C@H](O)c2ccc(F)cc2)CC1
893,COc1ccccc1N1CCN(CCc2oc(=O)[nH]c2-c2ccc(F)cc2)CC1
894,COc1ccccc1N1CCN(C[C@H](O)COc2cc(O)c(OC)c(OC)c2)CC1
895,COc1ccccc1OC[C@@H]1CNC(=O)O1
896,COc1ccccc1OC[C@H](O)COC(N)=O
897,COc1cccnc1CCCCNc1ncc(Cc2ccc(C)nc2)c(=O)[nH]1
898,COc1nc2nc(-c3noc(C)n3)cn2c2c1CCCC2
899,COn1cc(C(=O)O)c(=O)c2cc3c(cc21)OCO3
900,CP(C)(=O)CN1C(=O)CN=C(c2ccccc2)c2cc(Cl)ccc21
901,CS(=O)(=O)N1CCN(C(=O)N[C@H](C(N)=O)c2ccccc2)C1=O
902,CS(=O)(=O)OCCCCOS(C)(=O)=O
903,CS(=O)(=O)c1ccc([C@H](O)[C@@H](CF)NC(=O)C(Cl)Cl)cc1
904,CS(=O)(=O)c1ccc([C@H](O)[C@H](CO)NC(=O)CCl)cc1
905,CSC(=N)N
906,CSCC[C@H](NC(C)=O)C(=O)Oc1ccc(NC(C)=O)cc1
907,CSc1c(Cl)nc(NC(C)C)nc1N1CCN(C)CC1
908,CSc1ccc2c(c1)N(CC[C@@H]1CCCCN1)c1ccccc1S2
909,CSc1ccc2c(c1)N(CC[C@@H]1CCCCN1C)c1ccccc1S2
910,CSc1ccc2c(c1)N(CC[C@@H]1CCCNC1)c1ccccc1S2
911,CSc1ccc2c(c1)N(C[C@@H](C)CN(C)C)c1ccccc1S2
912,CSc1ccc2c(c1)[C@@H](N1CCN(C)CC1)Cc1ccccc1S2
913,C[C@@H](C(=O)c1ccccc1)N(C)C
914,C[C@@H](CC(C)(C)O)O[C@H](O)C(Cl)(Cl)Cl
915,C[C@@H](CCN1CCN(c2ccc(F)cc2)CC1)NC(=O)c1cccnc1
916,C[C@@H](CCc1ccccc1)NC[C@@H](O)c1ccc(O)c(C(N)=O)c1
917,C[C@@H](CCc1ccccc1)N[C@@H](C)[C@@H](O)c1ccc(O)cc1
918,C[C@@H](CN(C)C)CN1c2ccccc2CCc2ccccc21
919,C[C@@H](CN(C)C)CN1c2ccccc2S(=O)(=O)c2ccccc21
920,C[C@@H](CN(C)C)CN1c2ccccc2Sc2ccc(C#N)cc21
921,C[C@@H](CN(C)C)CN1c2ccccc2Sc2ccc(C(F)(F)F)cc21
922,C[C@@H](CN(C)C)CN1c2ccccc2Sc2ccccc21
923,C[C@@H](CN(C)C)OC(C)(c1ccccc1)c1ccc(Cl)cc1
924,C[C@@H](CN1C(=O)c2cccnc2Nc2ccccc21)N(C)C
925,C[C@@H](CN1CC(=O)NC(=O)C1)N1CC(=O)NC(=O)C1
926,C[C@@H](CN1c2ccccc2Sc2ccccc21)N(C)C
927,C[C@@H](COc1ccccc1)N(CCCl)Cc1ccccc1
928,C[C@@H](COc1ccccc1)NN
929,C[C@@H](Cc1ccc(O)cc1)NC[C@@H](O)c1cc(O)cc(O)c1
930,C[C@@H](Cc1ccccc1)N(C)C
931,C[C@@H](Cc1ccccc1)N(C)Cc1ccccc1
932,C[C@@H](Cc1ccccc1)N(C)Cc1ccco1
933,C[C@@H](Cc1ccccc1)NCCC1c2ccccc2Sc2ccccc21
934,C[C@@H](Cc1ccccc1)NCCn1cnc2c1c(=O)n(C)c(=O)n2C
935,C[C@@H](Cc1ccccc1)NN
936,C[C@@H](Cc1ccccc1)NO
937,C[C@@H](Cc1ccccc1)N[C@H](C#N)c1ccccc1
938,C[C@@H](Cc1ccccc1)[N+](C)([O-])Cc1ccccc1
939,C[C@@H](c1noc2ccc(Cl)cc12)n1ccnc1
940,C[C@@H]1N=C(c2ccccc2Cl)c2cc([N+](=O)[O-])ccc2NC1=O
941,C[C@@H]1NC(=O)C2(CCCC2)NC1=O
942,C[C@@H]1NC(=O)CO[C@H]1c1ccccc1
943,C[C@@H]1NCCO[C@H]1c1ccccc1
944,C[C@@H]1OC2(CCCC[C@@H]2Oc2cccc(Cl)c2)NC1=O
945,C[C@@H]1O[C@H]1P(=O)(O)O
946,C[C@@H]1Oc2ccccc2C[C@@H]1N(C)C
947,C[C@@H]1[C@@H]2Cc3ccc(O)cc3C1(C)CCN2C
948,C[C@@H]1[C@@H]2Cc3ccc(O)cc3C1(C)CCN2CC1CC1
949,C[C@@H]1[C@@H]2Cc3ccc(O)cc3C1(C)CCN2CCc1ccccc1
950,C[C@@H]1[C@H]2C(=O)c3ccc(O)cc3C1(C)CCN2CC1CC1
951,C[C@@H]1c2ccccc2N(C(N)=O)c2ccccc2[C@H]1C
952,C[C@H](C(=O)O)c1cccc(C(=O)c2ccccc2)c1
953,C[C@H](F)OC(=O)c1ncn2c1CN(C)C(=O)c1cc(F)ccc1-2
954,C[C@H](N)C(=O)OC(C)(C)Cc1ccc(Cl)cc1
955,C[C@H](N)C(=O)c1ccccc1
956,C[C@H](N)Cc1ccc(O)cc1
957,C[C@H](N)Cc1ccccc1
958,C[C@H](N)[C@@H](O)c1cccc(O)c1
959,C[C@H](NC(C)(C)C)C(=O)c1cccc(Cl)c1
960,C[C@H](NN)c1ccccc1
961,C[C@H](NNC(=O)c1ccccc1)c1ccccc1
962,C[C@H](O)C1C(=O)N2C(C(=O)O)=C(F)S[C@@H]12
963,C[C@H](O)Cn1cnc2c1c(=O)n(C)c(=O)n2C
964,C[C@H](Oc1cccc2ccccc12)/C(N)=N/O
965,C[C@H](Oc1cccc2ccccc12)/C(N)=N\O
966,C[C@H]1CCCCC1(c1cccs1)N1CCCCC1
967,C[C@H]1CCCC[C@@H]1C
968,C[C@H]1CC[C@H](C)[C@@H](C)C1
969,C[C@H]1CN(C)C[C@@H]2Cc3c(ccc4ccccc34)OC12O
970,C[C@H]1CN(CCCn2c3ccccc3c3ccccc32)C[C@H](C)N1
971,C[C@H]1CN2CC(=O)Nc3ccc(Cl)cc3C2(c2ccccc2)O1
972,C[C@H]1COC2(c3ccccc3Cl)c3cc(Cl)ccc3NC(=O)CN12
973,C[C@H]1O[C@H](C)O[C@@H](C)O1
974,C[C@H]1[C@H](c2ccccc2)OCCN1C
975,C[C@H]1c2ccccc2[C@H](CCCN(C)C)c2cc(C(F)(F)F)ccc21
976,C[N+](C)(C)CCO
977,C[N+](C)([O-])CC/C=C1/c2ccccc2C=Cc2c(Cl)cccc21
978,C[N+](C)([O-])CCC=C1c2ccccc2CCc2ccccc21
979,C[N+](C)([O-])CCCN1c2ccccc2CCc2ccccc21
980,C[N+]1(C)CCC(OC(=O)C(O)(c2ccccc2)C2CCCC2)C1
981,C[N+]1(C)CCCC(OC(=O)C(O)(c2ccccc2)c2ccccc2)C1
982,C[N+]12CCC(CC1)C(OC(=O)C(O)(c1ccccc1)c1ccccc1)C2
983,C[N]C(=C\c1ccc(O)cc1)/C(=C/c1ccc(O)cc1)[N]C
984,Cc1[nH]ccc2c1[nH]c1cc(=O)ccc12
985,Cc1[nH]nc2c1N(c1ccccc1)C(=O)CC(=O)N2C
986,Cc1c(C)c2ccc(OCc3nnc(C(C)C)s3)cc2oc1=O
987,Cc1c(F)c(=O)n(-c2ccccc2)n1C
988,Cc1c(I)c(=O)n(-c2ccccc2)n1C
989,Cc1c(N(C)C)c(=O)n(-c2ccccc2)n1C
990,Cc1c(O)c(=O)ccn1C
991,Cc1c(O)c(=O)ccn1CCCO
992,Cc1c2c(cn1C)NC(=O)CN=C2c1ccccc1
993,Cc1cc(-c2ccc(O)cc2)nnc1NCCN1CCOCC1
994,Cc1cc(-c2ccccc2)nnc1NCCN1CCOCC1
995,Cc1cc(=O)n(-c2ccc(F)cc2)n1C
996,Cc1cc(=O)n(-c2ccccc2)n1C
997,Cc1cc(=O)oc2cc(O)ccc12
998,Cc1cc(Br)cc(C(N)=O)c1O
999,Cc1cc(Br)cc(C)c1N=C1NCCN1
1000,Cc1cc(C(=O)NNCc2ccccc2)no1
1001,Cc1cc(C(C)(C)SC(C)(C)CNc2[nH]ccc2[N+](=O)[O-])nc(C)c1C
1002,Cc1cc(C)c(=O)[nH]n1
1003,Cc1cc(C)cc(OC[C@@H]2CNC(=O)O2)c1
1004,Cc1cc(CCN2CCN(c3cccc(Cl)c3)CC2)[nH]n1
1005,Cc1cc(Cl)ccc1N=C1NCCN1
1006,Cc1cc(N(C)C)ccc1C[C@H](C)N
1007,Cc1cc(NC(=O)C2=C(O)c3ccccc3S(=O)(=O)N2C)no1
1008,Cc1cc(NC(=O)c2c(C)cccc2C)no1
1009,Cc1cc(NS(=O)(=O)c2ccc(N)cc2)no1
1010,Cc1cc(O)n(-c2ccccc2)n1
1011,Cc1cc2c(s1)=Nc1ccc(F)cc1NC=2N1CCN(C)CC1
1012,Cc1cc2c(s1)=Nc1ccccc1NC=2N1CCN(C)CC1
1013,Cc1cc2c(s1)Nc1ccc(F)cc1N=C2N1CCN(C)CC1
1014,Cc1cc2c(s1)Nc1ccccc1N=C2N1CCN(C)CC1
1015,Cc1ccc(-c2nc3ccc(C)cn3c2CC(=O)N(C)C)cc1
1016,Cc1ccc(-n2c3c/c(=N\C(C)C)c(Nc4ccc(Cl)cc4)cc-3nc3ccccc32)cc1
1017,Cc1ccc(C(=O)c2cc(O)c(O)c([N+](=O)[O-])c2)cc1
1018,Cc1ccc(C(C)C)c(OCC2=NCCN2)c1
1019,Cc1ccc(C)c(C)c1
1020,Cc1ccc(C)cc1
1021,Cc1ccc(C2(O)CCN(CCCC(=O)c3ccc(F)cc3)CC2)cc1
1022,Cc1ccc(CC(=O)N2CCc3ccsc3[C@@H]2CN2CCCC2)cc1Cl
1023,Cc1ccc(CC2=CN=C(NCCSCc3ccc(CN(C)C)o3)NC2)cn1
1024,Cc1ccc(CC2=CNC(NCCSCc3ccc(CN(C)C)o3)=NC2)cn1
1025,Cc1ccc(Cc2ccccc2)c(N2CCNCC2)c1
1026,Cc1ccc(Cc2cnc(NCCCCc3ncc(Br)cc3C)[nH]c2=O)cn1
1027,Cc1ccc(Cc2cnc(NCCSCc3ccc(C(C)(C)N)o3)[nH]c2=O)cn1
1028,Cc1ccc(Cc2cnc(NCCSCc3ccc(CN(C)C)o3)[nH]c2=O)cn1
1029,Cc1ccc(Cl)c(Nc2ccccc2C(=O)O)c1Cl
1030,Cc1ccc(N=C2NCCN2)c(C)c1
1031,Cc1ccc(N=C2NCCN2)c(Cl)c1
1032,Cc1ccc(S(=O)(=O)NC(=O)NN2CCCCCC2)cc1
1033,Cc1ccc2c(c1)C(N1CCN(C)CC1)=Nc1ccccc1S2
1034,Cc1ccc2c(c1)C13CCCC[C@@H]1C(C2)N(C)CC3
1035,Cc1ccc2c(c1)[C@H]1CN(C)CC[C@@H]1N2
1036,Cc1ccc2c(c1)c1c3n2CCN[C@H]3CCC1
1037,Cc1cccc(/C=N/N2CCN(C(c3ccccc3)c3ccccc3)CC2)n1
1038,Cc1cccc(C)c1
1039,Cc1cccc(C)c1NC(=O)CN1CCCC1=O
1040,Cc1cccc(C)c1NC(=O)c1ccc(N)cc1
1041,Cc1cccc(C)c1NC1=NCCCS1
1042,Cc1cccc(C)c1OC[C@H](C)N
1043,Cc1cccc(Cc2c[nH]cn2)c1C
1044,Cc1cccc(Cc2cnc[nH]2)c1C
1045,Cc1cccc(Cl)c1NC(=O)/C=C1/SCC(=O)N1C
1046,Cc1cccc(Cl)c1NC(=O)/C=C1\SCC(=O)N1C
1047,Cc1cccc(N2CCN(CCc3cc(C)n[nH]3)CC2)c1
1048,Cc1cccc(N2C[C@@H](CO)OC2=O)c1
1049,Cc1cccc(Nc2ccccc2C(=O)O)c1C
1050,Cc1cccc(OC[C@@H](O)CNC(C)C)c1
1051,Cc1cccc(O[C@H]2CCNC[C@@H]2O)c1C
1052,Cc1cccc2c1Oc1ccccc1C1(O)CCN(C)C[C@H]21
1053,Cc1cccc2c1Oc1ccccc1C1(O)CCNC[C@H]21
1054,Cc1ccccc1
1055,Cc1ccccc1-n1c(/C=C/c2ccccn2)nc2ccccc2c1=O
1056,Cc1ccccc1-n1c(C)nc2ccccc2c1=O
1057,Cc1ccccc1C
1058,Cc1ccccc1N1CCN(CCCOc2ccccn2)CC1
1059,Cc1ccccc1N=C1NCCN1
1060,Cc1ccccc1[C@@H](OCCN(C)C)c1ccccc1
1061,Cc1ccnc2c1NC(=O)c1cccnc1N2C1CC1
1062,Cc1ccsc1C(=CCCN1CCC[C@H](C(=O)O)C1)c1sccc1C
1063,Cc1cn([C@@H]2C=C[C@@H](CO)O2)c(=O)[nH]c1=O
1064,Cc1cn[o+]c(C(N)CC(C)C(C)(C)N(C(C)(C)C)C(C)(N)N)c1O
1065,Cc1cnc(NC(=O)C2=C(O)c3ccccc3S(=O)(=O)N2C)s1
1066,Cc1csc(N=C(N)N)n1
1067,Cc1csc2ccc3[nH]c4c(c3c12)CN(C)CC4
1068,Cc1nc(Nc2ccc(F)cc2)nc(N2CCc3ccccc3[C@@H]2C)c1C
1069,Cc1nc2c(C)cccn2c(=O)c1CCN1CCC(c2noc3cc(F)ccc23)CC1
1070,Cc1nc2cc(CN[C@H]3CCCN[C@H]3c3ccccc3)c(OC(C)C)cc2s1
1071,Cc1nc2ccccc2c(=O)n1-c1ccccc1Cl
1072,Cc1nc2n(c(=O)c1CCN1CCC(C(=O)c3ccc(F)cc3)CC1)CCS2
1073,Cc1nc2n(c(=O)c1CCN1CCC(c3noc4cc(F)ccc34)CC1)CCCC2
1074,Cc1nc2n(n1)C(N1CCN(C)CC1)=Nc1ccccc1C2
1075,Cc1ncc(CSSCc2cnc(C)c(O)c2CO)c(CO)c1O
1076,Cc1ncc([N+](=O)[O-])n1CCO
1077,Cc1ncc([N+](=O)[O-])n1C[C@H](O)CCl
1078,Cc1ncc2n1-c1ccc(Cl)cc1C(c1ccccc1Cl)=NC2
1079,Cc1ncc2n1-c1ccc(Cl)cc1C(c1ccccc1F)=NC2
1080,Cc1ncc2n1-c1ccc(Cl)cc1C(c1ccccc1F)=N[C@H]2O
1081,Cc1nccc2c1[nH]c1ccccc12
1082,Cc1nccn1C[C@@H]1CCc2c(c3ccccc3n2C)C1=O
1083,Cc1nccn1[C@@H](C)c1ccccc1
1084,Cc1nccnc1N1CCCCC1
1085,Cc1ncsc1CCCl
1086,Cc1nn(C)c2c1C(c1cccc(Cl)c1)=NCCN2
1087,Cc1nn(C)c2c1C(c1ccccc1F)=NCC(=O)N2C
1088,Cc1nn(C)c2c1N(c1ccccc1)C(=O)CC(=O)N2C
1089,Cc1nnc(SCC2=C(C(=O)O)N3C(=O)C(NC=O)[C@@H]3SC2)s1
1090,Cc1nnc2n1-c1ccc(Cl)cc1C(c1ccccc1)=NC2
1091,Cc1nnc2n1-c1ccc(Cl)cc1C(c1ccccc1)=N[C@H]2O
1092,Cc1nnc2n1-c1ccc(Cl)cc1C(c1ccccc1Cl)=NC2
1093,Cc1nnc2n1-c1sc(Br)cc1C(c1ccccc1Cl)=NC2
1094,Cc1noc(NS(=O)(=O)c2ccc(N)cc2)c1C
1095,Cc1oc(C(C)(C)N(C(C)(C)N)C(C)(C)N)c(C)c1C
1096,Cl/C(=C/n1cncn1)c1ccc(Cl)cc1Cl
1097,Cl/C(=C\n1cncn1)c1ccc(Cl)cc1Cl
1098,Cl/C=C/Cl
1099,ClC(Cl)=C(Cl)Cl
1100,ClC(Cl)Cl
1101,ClC=C(Cl)Cl
1102,ClCC(Cl)(Cl)Cl
1103,ClCC(Cl)Cl
1104,ClCCCl
1105,ClCCl
1106,Clc1cc(Br)cc(Cl)c1N=C1NCCN1
1107,Clc1cc(Cl)c(N=C2NCCN2)c(Cl)c1
1108,Clc1ccc(C2C3CCC(C3)C23CCC(N2CCOCC2)=N3)cc1
1109,Clc1ccc(CO[C@H](Cn2ccnc2)c2ccc(Cl)cc2Cl)c(Cl)c1
1110,Clc1ccc(CO[C@H](Cn2ccnc2)c2ccc(Cl)cc2Cl)cc1
1111,Clc1ccc(Cl)c(N=C2NCCN2)c1
1112,Clc1ccc(N2CCN(C/C=C/c3ccccc3)CC2)nn1
1113,Clc1ccc(N=C2NCCN2)c(Cl)c1
1114,Clc1ccc(OCC2=NCCN2)cc1Cl
1115,Clc1ccc([C@@H](OCCN2CCOCC2)c2ccccc2)cc1
1116,Clc1ccc2c(c1)/C(=C/[C@H]1CN3CCC1CC3)c1ccccc1S2
1117,Clc1ccc2c(c1)/C(=C\[C@H]1CN3CCC1CC3)c1ccccc1S2
1118,Clc1ccc2c(c1)C(N1CCNCC1)=Nc1ccccc1O2
1119,Clc1ccc2c(c1)C(c1ccccc1)=NCc1nncn1-2
1120,Clc1ccc2c(c1)[C@H]1CCNC[C@@H]1c1ccccc1O2
1121,Clc1ccc2c(c1)[C@H]1CNC[C@@H]1c1ccccc1O2
1122,Clc1cccc(Cl)c1/N=C1/NCCO1
1123,Clc1cccc(Cl)c1N=C1NCCN1
1124,Clc1cccc(Cl)c1N[C@H]1N=CCN1
1125,Clc1ccccc1C(c1ccccc1)(c1ccccc1)n1ccnc1
1126,Clc1ccccc1C1=NCc2nnc(C3CCCCC3)n2-c2sc(Br)cc21
1127,Clc1cnn(CCCCN2CCN(c3ncccn3)CC2)c1
1128,Cn1c(=O)[nH]c2ncn(C)c2c1=O
1129,Cn1c(=O)c2[nH]cnc2n(C)c1=O
1130,Cn1c(=O)c2c(ncn2C)n(C)c1=O
1131,Cn1cc(CCN2CCN(c3ccccc3Cl)CC2)cn1
1132,Cn1cnc2c1c(=O)[nH]c(=O)n2C
1133,Cn1nc(-c2cccc(F)c2)n(C)c1=S
1134,Cn1nc(-c2cccnc2)nc1-c1ccccc1CO
1135,F/C=C/O/C=C/F
1136,FC(F)(Cl)C(F)(F)Cl
1137,FC(F)(F)CCl
1138,FC(F)(F)C[C@@H](Cl)Br
1139,FC(F)(F)[C@@H](Cl)Br
1140,FC(F)(F)c1ccc(Cl)cc1
1141,FC(F)(F)c1ccc(N2CCNCC2)nc1Cl
1142,FC(F)(F)c1cccc(C2=CCN(CCc3ccc4ccccc4c3)CC2)c1
1143,FC(F)=CCl
1144,FC(F)OC(F)(F)[C@@H](F)Cl
1145,FC(F)O[C@@H](Cl)C(F)(F)F
1146,FC(F)O[C@@H](F)C(F)(F)F
1147,FC(F)c1ccc2c(c1)N(CCCN1CCN(C3CC3)CC1)c1ccccc1S2
1148,FCC(F)(F)F
1149,FCOC(C(F)(F)F)C(F)(F)F
1150,FS(F)(F)(F)(F)F
1151,F[C@@H](Br)C(F)(F)F
1152,F[C@@H](Br)CC(F)(F)F
1153,Fc1ccc(-c2ccc(CN3CCN(c4cccc5ccoc45)CC3)[nH]2)cc1
1154,Fc1ccc(C(CCCN2CCN(CCNc3ccccc3)CC2)c2ccc(F)cc2)cc1
1155,Fc1ccc([C@H]2CCNC[C@H]2COc2ccc3c(c2)OCO3)cc1
1156,Fc1ccc2[nH]c3c(c2c1)CN(CCCc1cccnc1)CC3
1157,Fc1ccc2[nH]c3c(c2c1)CN(CCc1ccncc1)CC3
1158,Fc1cccc(Br)c1N=C1NCCN1
1159,Fc1cccc(F)c1N=C1NCCN1
1160,Fc1ccccc1C1=NCC(=S)N(CC(F)(F)F)c2ccc(Cl)cc21
1161,Fc1ccccc1C1=NCCN(CC(F)(F)F)c2ccc(Cl)cc21
1162,Ic1ccc(CN2CCCCC2)cc1CN1CCCCC1
1163,N#CC(=C/c1ccc(O)cc1)/C(C#N)=C\c1ccc(O)cc1
1164,N#CCCN1C(=O)[C@H](O)N=C(c2ccccc2F)c2cc(Cl)ccc21
1165,N#CCN[C@H]1CCc2ccccc21
1166,N#Cc1cc(-c2ccccc2)nnc1NCCN1CCOCC1
1167,N#Cc1ccc(O)c(C(=O)NCCN2CCC(C(=O)c3ccc(F)cc3)CC2)c1
1168,N#Cc1ccc(OCC2CCN(C/C=C/I)CC2)cc1
1169,N#Cc1ccc2c(c1)C1=C(CCN(CC3CCCC3)CC1)c1ccccc1O2
1170,N#Cc1ccc2c(c1)N(CCCN1CCC(O)CC1)c1ccccc1S2
1171,N#N
1172,N#[N+][O-]
1173,N/C(N=O)=C1\NNc2ccccc2N(Cc2ccccc2)C1=O
1174,N=C(N)NCCCOc1ccccc1
1175,N=C(N)NCCN1CCCCCCC1
1176,N=C(N)NC[C@H]1COC2(CCCCC2)O1
1177,N=C(N)SCCF
1178,N=C(NO)C1=NNc2ccccc2N(Cc2ccccc2)C1=O
1179,N=C1SCCN1c1ccc(Cl)cc1N
1180,NC(=O)C1(N2CCCCC2)CCN(CCCC(=O)c2ccc(F)cc2)CC1
1181,NC(=O)C1CCN(CCCN2c3ccccc3Sc3ccc([SH](=O)=O)cc32)CC1
1182,NC(=O)C1c2ccccc2C2OC2c2ccccc21
1183,NC(=O)C1c2ccccc2C=Cc2ccccc21
1184,NC(=O)C1c2ccccc2CCc2ccccc21
1185,NC(=O)CCC/N=C(/c1ccc(Cl)cc1)c1cc(F)ccc1O
1186,NC(=O)CN1C(=O)COc2ccccc21
1187,NC(=O)CN1C(=O)[C@@H](c2ccccc2)c2ccccc21
1188,NC(=O)CN1CCCC1=O
1189,NC(=O)CN1C[C@@H](O)CC1=O
1190,NC(=O)CN1Cc2ccccc2OC1=O
1191,NC(=O)CS(=O)C(c1ccccc1)c1ccccc1
1192,NC(=O)N1CC(Oc2cccc(C(F)(F)F)c2)C1
1193,NC(=O)N1c2ccccc2C2OC2c2ccccc21
1194,NC(=O)N1c2ccccc2C=Cc2ccccc21
1195,NC(=O)N1c2ccccc2CC(=O)c2ccccc21
1196,NC(=O)NC(=O)Cc1ccccc1
1197,NC(=O)NCCN1CCN(c2cccc(C(F)(F)F)c2)CC1
1198,NC(=O)NO
1199,NC(=O)OCC(COC(N)=O)c1ccccc1
1200,NC(=O)OCCCc1ccccc1
1201,NC(=O)OC[C@@H](O)COc1ccc(Cl)cc1
1202,NC(=O)[C@@H]1CCCCO1
1203,NC(=O)c1ccc(F)c2c1C[C@H](N(C1CCC1)C1CCC1)CO2
1204,NC(=O)c1ccccc1O
1205,NC(=O)c1cccnc1
1206,NC(=O)c1cn(Cc2c(F)cccc2F)nn1
1207,NC(=O)c1cnccn1
1208,NC(CO)(CO)CO
1209,NC(N)=N/N=C/c1c(Cl)cccc1Cl
1210,NC(N)=NC(=O)c1nc(Cl)c(N)nc1N
1211,NC(N)=Nc1nc(-c2cccc(N)c2)cs1
1212,NC(N)=Nc1nc(-c2ccccc2)cs1
1213,NC(N)=Nc1nc(CSCC/C(N)=N\S(N)(=O)=O)cs1
1214,NC(N)=O
1215,NC/C(=C/F)CCc1ccc(F)cc1
1216,NC12CC3C[C@H](C1)C[C@@H](C3)C2
1217,NC12CC3C[C@H](C1)C[C@H](C3)C2
1218,NC1=NC(=O)[C@H](c2ccccc2)O1
1219,NC1=NC(C(F)(F)F)(C(F)(F)F)NC1(C(F)(F)F)C(F)(F)F
1220,NCC1(CC(=O)O)CCCCC1
1221,NCCCN1c2ccccc2CCc2ccccc21
1222,NCCCN1c2ccccc2Sc2ccc(Cl)cc21
1223,NCCCNCCSP(=O)(O)O
1224,NCC[C@H](Oc1ccc(C(F)(F)F)cc1)c1ccccc1
1225,NCCc1ccc(O)c(O)c1
1226,NCCc1cn2ccccc2n1
1227,NCCc1nc(-c2ccccc2)cs1
1228,NCCc1nccs1
1229,NCCn1ncc2cc(Cl)c(Cl)cc21
1230,NC[C@@H](O)c1ccc(O)c(O)c1
1231,NC[C@@H](O)c1cccc(O)c1
1232,NC[C@@H]1CC(=O)N(Cc2ccccc2)C1
1233,NCc1ccccc1Sc1ccccc1CO
1234,NNC(=O)CP(=O)(c1ccccc1)c1ccccc1
1235,NNC(=O)c1ccncc1
1236,NNCC1CCCCC1
1237,NNCCc1ccccc1
1238,NNc1nncc2ccccc12
1239,NS(=O)(=O)Cc1noc2ccccc12
1240,NS(=O)(=O)c1cc(C(=O)O)c(NCc2ccco2)cc1Cl
1241,NS(=O)(=O)c1cc(C2(O)NC(=O)c3ccccc32)ccc1Cl
1242,NS(=O)(=O)c1cc2c(cc1C(F)(F)F)NCNS2(=O)=O
1243,NS(=O)(=O)c1cc2c(cc1Cl)NC=NS2(=O)=O
1244,NS(=O)(=O)c1cc2c(cc1Cl)NCNS2(=O)=O
1245,NS(=O)(=O)c1cc2c(cc1Cl)N[C@H](C(Cl)Cl)NS2(=O)=O
1246,NS(=O)(=O)c1ccc(C(=O)O)cc1
1247,NS(=O)(=O)c1ccc(N2C(=O)C[C@@H](c3ccccc3)C2=O)c(Cl)c1
1248,NS(=O)(=O)c1ccc(N2CCCCS2(=O)=O)cc1
1249,N[C@@H](CO)C(=O)NNCc1ccc(O)c(O)c1O
1250,N[C@@H](Cc1c[nH]c2ccc(O)cc12)C(=O)O
1251,N[C@@H](Cc1c[nH]c2ccccc12)C(=O)O
1252,N[C@@H](Cc1ccc(N(CCCl)CCCl)cc1)C(=O)O
1253,N[C@@H](Cc1ccc(O)c(O)c1)C(=O)O
1254,N[C@@H]1[C@@H](O)O[C@@H](CO)[C@@H](O)[C@H]1O
1255,N[C@H]1CCC[C@H]1c1ccccc1
1256,N[C@H]1CONC1=O
1257,N[C@H]1C[C@H]1c1ccccc1
1258,Nc1c2c(nc3ccccc13)CCCC2
1259,Nc1c2c(nc3ccccc13)CCC[C@@H]2O
1260,Nc1cc(OCC2CC2)c(C(=O)NC2CN3CCC2CC3)cc1Cl
1261,Nc1cc(OCC2CC2)c(C(=O)N[C@@H]2CN3CCC2CC3)cc1Cl
1262,Nc1ccc(-c2nc3ccc(O)cc3s2)cc1I
1263,Nc1ccc(/N=N/c2ccccc2)c(N)n1
1264,Nc1ccc(C(=O)O)c(O)c1
1265,Nc1ccc(S(=O)(=O)N2C[C@H]3CC[C@H](CC3)C2)cc1
1266,Nc1ccc(S(=O)(=O)Nc2ncccn2)cc1
1267,Nc1ccc(S(=O)(=O)c2ccc(N)cc2)cc1
1268,Nc1cccc(-n2ccccc2=O)c1
1269,Nc1ccn([C@@H]2CC[C@@H](CO)O2)c(=O)n1
1270,Nc1ccn([C@@H]2C[C@@H](CO)[C@@H](CO)O2)c(=O)n1
1271,Nc1nc(=O)[nH]cc1F
1272,Nc1nc(Cl)nc2c1ncn2[C@@H]1C[C@H](O)[C@H](CO)O1
1273,Nc1nc(N)c2nc(-c3ccccc3)c(N)nc2n1
1274,Nc1nc(NC2CC2)c2ncn([C@@H]3C=C[C@@H](CO)C3)c2n1
1275,Nc1nc2c(ncn2CCC(CO)CO)c(=O)[nH]1
1276,Nc1nc2c(ncn2CC[C@H](O)CO)c(=O)[nH]1
1277,Nc1nc2c(ncn2COC(CO)CO)c(=O)[nH]1
1278,Nc1nc2c(ncn2COCCO)c(=O)[nH]1
1279,Nc1nc2ccc(OC(F)(F)F)cc2s1
1280,Nc1nc2nc[nH]c2c(=S)[nH]1
1281,Nc1ncc2ncn(COCCO)c2n1
1282,Nc1nnc(-c2cccc(Cl)c2Cl)c(N)n1
1283,Nn1cnc2cc3ccccc3cc2c1=O
1284,O=C(/C=C/c1ccc2c(c1)OCO2)N1CCCCC1
1285,O=C(C1CCCCC1)N1CC(=O)N2CCc3ccccc3[C@H]2C1
1286,O=C(CCC1CCN(Cc2ccccc2)CC1)c1ccc2c(c1)NCCCC2
1287,O=C(CCCN1CC=C(n2c(=O)[nH]c3ccccc32)CC1)c1ccc(F)cc1
1288,O=C(CCCN1CCC(C(=O)c2ccc(Cl)cc2)CC1)c1ccc(F)cc1
1289,O=C(CCCN1CCC(C(=O)c2ccc(F)cc2)CC1)c1ccc(F)cc1
1290,O=C(CCCN1CCC(O)(c2ccc(Br)cc2)CC1)c1ccc(F)cc1
1291,O=C(CCCN1CCC(O)(c2ccc(Cl)cc2)CC1)c1ccc(F)cc1
1292,O=C(CCCN1CCC(O)(c2cccc(C(F)(F)F)c2)CC1)c1ccc(F)cc1
1293,O=C(CCCN1CCC(n2c(=O)[nH]c3ccccc32)CC1)c1ccc(F)cc1
1294,O=C(CCCN1CCC(n2c(=S)[nH]c3ccccc32)CC1)c1ccc(F)cc1
1295,O=C(CCCN1CCC2(CC1)C(=O)NCN2c1ccc(F)cc1)c1ccc(F)cc1
1296,O=C(CCCN1CCC2(CC1)C(=O)NCN2c1ccccc1)c1ccc(F)cc1
1297,O=C(CCCN1CCN(C(=O)OC2CCCCC2)CC1)c1ccc(F)cc1
1298,O=C(CCCN1CCN(c2cc3ccccc3cn2)CC1)c1ccc(F)cc1
1299,O=C(CCCN1CCN(c2ccccn2)CC1)c1ccc(F)cc1
1300,O=C(CCCN1CCN2CCC[C@H]2C1)c1ccc(F)cc1
1301,O=C(CCCN1C[C@H]2CC[C@H](CC2)C1)c1ccc(F)cc1
1302,O=C(CCCl)NCCc1ccccc1
1303,O=C(CCCl)NCc1ccccc1
1304,O=C(CCN1CCN(CCO)CC1)N1c2ccccc2Sc2ccc(C(F)(F)F)cc21
1305,O=C(CCNNC(=O)c1ccncc1)NCc1ccccc1
1306,O=C(CN1CCCC1=O)NNC(=O)CN1CCCC1=O
1307,O=C(COc1ccc(Cl)cc1)N1CCN(Cc2ccc3c(c2)OCO3)CC1
1308,O=C(Cc1ccc(C(F)(F)F)cc1)N1CCCC[C@H]1CN1CCCC1
1309,O=C(Cc1ccc(Cl)c(Cl)c1)N1CCCC[C@H]1CN1CCCC1
1310,O=C(Cc1ccc(Cl)c(Cl)c1)N1CCc2ccccc2[C@H]1CN1CCCC1
1311,O=C(Cc1ccc(Cl)c(Cl)c1)N1CCc2occc2[C@H]1CN1CCCC1
1312,O=C(Cc1ccc(Cl)c(Cl)c1)N1CCc2sccc2[C@H]1CN1CCCC1
1313,O=C(Cc1cccc(Cl)c1)N1CCc2occc2[C@H]1CN1CCC(O)C1
1314,O=C(Cc1cccc(Cl)c1)N1CCn2ccnc2[C@@H]1CN1CCCC1
1315,O=C(Cc1cccc(Cl)c1)N1CCn2ncnc2[C@@H]1CN1CCCC1
1316,O=C(Cc1ccccc1)NC1C(=O)N2[C@@H](C(=O)O)CS[C@@H]12
1317,O=C(Cn1ccnc1)c1ccc2ccccc2c1
1318,O=C(NC(=O)c1ccccc1)NC1CCN(Cc2ccc3ccccc3c2)CC1
1319,O=C(NCCCN1CCOCC1)c1ccc(Cl)cc1
1320,O=C(NCCCOc1cccc(CN2CCCCC2)c1)c1ccccc1
1321,O=C(NCCN1CCC(n2c(=O)[nH]c3ccccc32)CC1)c1ccc(F)cc1
1322,O=C(NCCN1CCOCC1)c1ccc(Cl)cc1
1323,O=C(NCc1ccccc1)OCCO
1324,O=C(N[C@@H](CO)[C@@H](O)c1ccc([N+](=O)[O-])cc1)C(Cl)Cl
1325,O=C(Nc1ccc(O)cc1)C(Cl)(Cl)Cl
1326,O=C(Nc1ccccc1)OCC1(COC(=O)Nc2ccccc2)CCCC1
1327,O=C(O)C1CCN1C12CC3C[C@H](C1)C[C@@H](C3)C2
1328,O=C(O)CCCCCCCC(=O)O
1329,O=C(O)CCCCCCNC1c2ccccc2CCc2ccccc21
1330,O=C(O)CCCC[C@@H]1SC[C@H]2NC(=O)N[C@@H]21
1331,O=C(O)CCCc1ccc(N(CCCl)CCCl)cc1
1332,O=C(O)CCc1nc(-c2ccccc2)c(-c2ccccc2)o1
1333,O=C(O)CN1C(=O)c2cccc3cccc(c23)C1=O
1334,O=C(O)CNC(=O)c1ccccc1O
1335,O=C(O)COCCN1CCN([C@@H](c2ccccc2)c2ccc(Cl)cc2)CC1
1336,O=C(O)COc1ccc(Cl)cc1Cl
1337,O=C(O)P(=O)(O)O
1338,O=C(O)c1cc(=O)c2ccccc2[nH]1
1339,O=C(O)c1cc(=O)c2ccccc2o1
1340,O=C(O)c1cc(O)ccc1O
1341,O=C(O)c1cc[nH]c1NCCSCc1ncccc1Br
1342,O=C(O)c1ccc(-c2ccccc2)cc1
1343,O=C(O)c1ccccc1O
1344,O=C(O)c1ccccc1Oc1ccccc1
1345,O=C(O)c1cn(C2CC2)c2cc(N3CCNCC3)c(F)cc2c1=O
1346,O=C(OC1CN2CCC1CC2)c1ccccc1
1347,O=C(OCC(Cl)(Cl)Cl)OCC(Cl)(Cl)Cl
1348,O=C(OCCN1CCCCC1)C(O)(c1ccccc1)c1ccccc1
1349,O=C(O[C@@H]1CN2CCC1CC2)c1ccccc1
1350,O=C(Oc1ccccc1)c1ccccc1O
1351,O=C(Oc1ccccc1C(=O)O)c1ccccc1O
1352,O=C(c1cc2ccccc2o1)N1CCN(Cc2ccccc2)CC1
1353,O=C(c1ccc(F)cc1)C1CCN(CCCN2c3ccccc3Sc3ccccc32)CC1
1354,O=C(c1ccc(F)cc1)C1CCN(CCCn2c(=O)[nH]c3ccccc32)CC1
1355,O=C(c1ccccc1)c1ccc2n1CC[C@@H]2C(=O)O
1356,O=C(c1ccccn1)N1CCN(Cc2ccccc2)CC1
1357,O=C(c1ccccn1)c1cnn2c(-c3ccncc3)ccnc12
1358,O=C(c1cccnc1)N1CCOCC1
1359,O=C(c1ccco1)N(c1cnccn1)C1CCN(CCc2ccccc2)CC1
1360,O=C1C=CC=C/C1=C1/NN=CO1
1361,O=C1CC(=O)N(c2ccccc2)c2cc(Cl)ccc2N1
1362,O=C1CC2(CCCC2)CC(=O)N1CCCCN1CCN(c2ncccn2)CC1
1363,O=C1CC2(CCCC2)CC(=O)N1CCNC[C@H]1COc2ccccc2O1
1364,O=C1CC2c3cc(Cl)ccc3OC3(CCNC[C@H]23)N1
1365,O=C1CCC(c2ccccc2)(C2CCN(C/C=C/c3ccccc3)CC2)C(=O)N1
1366,O=C1CCC2(CCC(=O)c3ccccc32)C(=O)N1
1367,O=C1CCC2(O)C3Cc4ccc(O)c5c4C2(CCN3CC2CC2)C1O5
1368,O=C1CCC2CCC(=O)N12
1369,O=C1CCCN1CCCCN1CCN(c2cc(C(F)(F)F)cc(Cl)n2)CC1
1370,O=C1CCCN1CCCCN1CCN(c2cc(C(F)(F)F)ccn2)CC1
1371,O=C1CCN=C2C[C@@H](c3ccccc3)CN12
1372,O=C1CCNc2ccc(Cl)cc2N1c1ccccc1
1373,O=C1CC[C@@H](C(=O)N2CCCCC2)N1
1374,O=C1CC[C@@H](C(=O)N[C@H]2C[C@H]2c2ccccc2)N1
1375,O=C1CC[C@@H]2C3Cc4cccc(O)c4C2(CCN3CC2CC2)C1
1376,O=C1CC[C@H](N2C(=O)c3ccccc3C2=O)C(=O)N1
1377,O=C1CCc2ccc(OCCCCN3CCN(c4cccc(Cl)c4Cl)CC3)cc2N1
1378,O=C1CN(C(=O)CN2C[C@H](c3ccc(Cl)cc3)CC2=O)CCN1
1379,O=C1CN(O)C(c2ccccc2)=c2cc(Cl)ccc2=N1
1380,O=C1CN2C(=O)CC[C@H]2N1
1381,O=C1CN2CCOC2(c2ccccc2Cl)c2cc(Cl)ccc2N1
1382,O=C1CN2CCOC2(c2ccccc2F)c2cc(Br)ccc2N1
1383,O=C1CN2CCOC2(c2ccccc2F)c2cc(Cl)ccc2N1CCO
1384,O=C1CN=C(C2=CCCCC2)c2cc(Cl)ccc2N1
1385,O=C1CN=C(c2ccccc2)c2c(Cl)cccc2N1
1386,O=C1CN=C(c2ccccc2)c2c(sc3c2CCCC3)N1
1387,O=C1CN=C(c2ccccc2)c2cc(Cl)ccc2N1
1388,O=C1CN=C(c2ccccc2)c2cc(Cl)ccc2N1CC(F)(F)F
1389,O=C1CN=C(c2ccccc2)c2cc(Cl)ccc2N1CC1CC1
1390,O=C1CN=C(c2ccccc2)c2cc(Cl)ccc2N1CCOCC1CC1
1391,O=C1CN=C(c2ccccc2)c2cc([N+](=O)[O-])ccc2N1
1392,O=C1CN=C(c2ccccc2Cl)c2cc(Cl)ccc2N1
1393,O=C1CN=C(c2ccccc2Cl)c2cc([N+](=O)[O-])ccc2N1
1394,O=C1CN=C(c2ccccc2F)c2cc(Cl)ccc2N1CC1CC1
1395,O=C1CN=C(c2ccccc2F)c2cc(Cl)ccc2N1C[C@H](O)CO
1396,O=C1CN=C(c2ccccn2)c2cc(Br)ccc2N1
1397,O=C1CNC(c2ccccc2)=c2c3c(sc2=N1)CCCC3
1398,O=C1COC(N2CCN=C(c3ccccc3Cl)c3cc(Cl)ccc32)=N1
1399,O=C1CSC2(CCN(CCCN3c4ccccc4Sc4ccc(Cl)cc43)CC2)N1
1400,O=C1C[C@@H](c2cccc(Br)c2)C(=O)N1
1401,O=C1Cc2cc(CCN3CCN(c4nsc5ccccc45)CC3)c(Cl)cc2N1
1402,O=C1N([C@@H](O)C(Cl)(Cl)Cl)CNC1(c1ccccc1)c1ccccc1
1403,O=C1N(c2ccccc2)c2ccccc2C1(Cc1ccncc1)Cc1ccncc1
1404,O=C1N=C(NC2CC2)O[C@H]1c1ccccc1
1405,O=C1NC(=O)C(C[C@@H]2CCCCN2)(c2ccccc2)C(=O)N1
1406,O=C1NC(=O)C(c2ccccc2)(c2ccccc2)N1
1407,O=C1NC(=O)C2(CCc3ccccc3C2)N1
1408,O=C1NC(=O)C2(c3ccc(Cl)cc3)C[C@H]12
1409,O=C1NC(c2ccccc2)(c2ccccc2)C(=O)N1COP(=O)(O)O
1410,O=C1NC(c2ccccc2)(c2ccccc2)C(=O)N1CP(=O)(O)O
1411,O=C1NCCC[C@@H]1N1C(=O)c2ccccc2S1(=O)=O
1412,O=C1NCCN1C1CCN(CC[C@H]2COc3ccccc3O2)CC1
1413,O=C1NCCN[C@@H]1c1cccs1
1414,O=C1NCN(c2ccccc2)C12CCN(CCCOc1ccc(F)cc1)CC2
1415,O=C1NCNC1(c1ccccc1)c1ccccc1
1416,O=C1N[C@H](CCCl)Oc2ccccc21
1417,O=C1Nc2ccc(Cl)cc2C(C#CC2CC2)(C(F)(F)F)O1
1418,O=C1Nc2ccc(Cl)cc2C(c2ccccc2)=N[C@H]1O
1419,O=C1Nc2ccc(Cl)cc2C(c2ccccc2Cl)=N[C@H]1O
1420,O=C1Nc2ccc(Cl)nc2C(c2ccccc2Cl)=N[C@H]1O
1421,O=C1OC(c2ccc(O)cc2)(c2ccc(O)cc2)c2ccccc21
1422,O=C1O[C@@H]([C@@H](O)CO)C(O)=C1O
1423,O=C1[C@H](O)N=C(c2ccccc2F)c2cc(Cl)ccc2N1CCO
1424,O=C1c2ccccc2S(=O)(=O)N1CCCCN1CCN(c2ncccn2)CC1
1425,O=C1c2ccccc2S(=O)(=O)N1CCCN1CCN(c2ncccn2)CC1
1426,O=CNC1C(=O)N2C(C(=O)O)=C(CSc3ncn[nH]3)CS[C@@H]12
1427,O=P(O)(O)OCC(Cl)(Cl)Cl
1428,O=S(=O)(O)CCS
1429,O=[N+]([O-])C1=CC=N[C@@H]1NCCSCc1ccccn1
1430,O=[N+]([O-])C1=CC=N[C@@H]1NCCSCc1ncccc1Br
1431,O=[N+]([O-])c1c(Cc2ccccc2)c[nH]c1NCCSCc1ccccn1
1432,O=[N+]([O-])c1cc[nH]c1NCCSCc1ccccn1
1433,O=[N+]([O-])c1cc[nH]c1NCCSCc1ncccc1Br
1434,O=[N+]([O-])c1nccn1CCCCCCCCF
1435,O=[N+]([O-])c1nccn1CCCF
1436,O=[N+]([O-])c1nccn1C[C@H](O)CF
1437,O=[N+]([O-])c1nccn1C[C@H](O)COCF
1438,O=c1[nH]c2cc(Cl)c(Cl)c([N+](=O)[O-])c2[nH]c1=O
1439,O=c1[nH]c2cc(Cl)ccc2o1
1440,O=c1[nH]c2ccccc2c(=O)n1CCCN1CCN(c2cccc(Cl)c2)CC1
1441,O=c1[nH]c2ccccc2n1C1CCN(CCCc2noc3cc(F)ccc23)CC1
1442,O=c1[nH]c2ccccc2n1C1CCN(CCOc2ccccc2)CC1
1443,O=c1[nH]cc(F)c(=O)[nH]1
1444,O=c1[nH]cnc2c1ncn2[C@@H]1CC[C@@H](CO)O1
1445,O=c1[nH]cnc2n[nH]cc12
1446,O=c1c(-c2ccc(O)cc2)coc2cc(O)ccc12
1447,O=c1c(Br)ccc2n1C[C@@H]1CNC[C@@H]2C1
1448,O=c1c(Cc2c(O)oc3ccccc3c2=O)c(O)oc2ccccc12
1449,O=c1cc[nH]nc1
1450,O=c1ccc(-c2c(-c3ccccc3)nn3ccccc23)nn1CCN1CCCCC1
1451,O=c1ccc2ccccc2o1
1452,O=c1cccc2n1C[C@@H]1CNC[C@@H]2C1
1453,O=c1cccc2n1C[C@@H]1CN[C@@H](Br)[C@H]2C1
1454,O=c1n(CCCN2CCN(c3cccc(Cl)c3)CC2)nc2ccccn12
1455,OC(Br)(Br)CBr
1456,OC(C1=NCCN1)(c1ccc(Cl)cc1)c1ccccn1
1457,OC(CCN1CCCC1)(c1ccccc1)C1CCCCC1
1458,OC(CCN1CCCCC1)(c1ccccc1)C1CC2C=CC1C2
1459,OC(CCN1CCCCC1)(c1ccccc1)C1CCCCC1
1460,OC(Cn1cncn1)(Cn1cncn1)c1ccc(F)cc1F
1461,OC(O)C(Cl)(Cl)Cl
1462,OC(c1ccccc1)(c1ccccc1)C1CCNCC1
1463,OC(c1ccccc1)(c1ccccc1)C1C[C@@H]1c1ccncc1
1464,OC(c1ccccc1)(c1ccccc1)[C@@H]1CCCCN1
1465,OC1(c2ccc(Cl)cc2)c2ccccc2C2=NCCN21
1466,OC1(c2cccc(Cl)c2)C2=NCCCN2c2ccccc21
1467,OC1(c2ccccc2Cl)C2=NCCCN2c2ccccc21
1468,OC1CCN(c2ccc(-c3ccc(Cl)cc3Cl)nn2)CC1
1469,OC1CCN(c2ccc(-c3ccccc3Cl)nn2)CC1
1470,OCC(Br)(Br)Br
1471,OCC1(CO)COC(C(Cl)(Cl)Cl)OC1
1472,OCCC1CCN(CC/C=C2/c3ccc(F)cc3Sc3ccc(C(F)F)cc32)CC1
1473,OCCC1CCN(CC/C=C2\c3ccc(F)cc3Sc3ccc(C(F)F)cc32)CC1
1474,OCCCN1CCN(CCC[C@H]2c3ccccc3Sc3ccc(Cl)cc32)CC1
1475,OCCCOc1cccc(CN2CCCCC2)c1
1476,OCCN1C=CN(CCCN2c3ccccc3C=Cc3ccccc32)C=CC1
1477,OCCN1CCCN(CCCN2c3ccccc3C=Cc3ccccc32)CC1
1478,OCCN1CCCN(CCCN2c3ccccc3Sc3cc(C(F)(F)F)ccc32)CC1
1479,OCCN1CCCN(CCCN2c3ccccc3Sc3ccc(C(F)(F)F)cc32)CC1
1480,OCCN1CCN(C2CC(c3ccc(F)cc3)c3ccc(C(F)(F)F)cc32)CC1
1481,OCCN1CCN(CC/C=C2/c3ccccc3COc3ccc(Cl)cc32)CC1
1482,OCCN1CCN(CC/C=C2/c3ccccc3Sc3ccc(C(F)(F)F)cc32)CC1
1483,OCCN1CCN(CC/C=C2/c3ccccc3Sc3ccc(Cl)cc32)CC1
1484,OCCN1CCN(CCCN2c3cc(C(F)(F)F)ccc3Sc3sccc32)CC1
1485,OCCN1CCN(CCCN2c3ccccc3C=Cc3ccccc32)CC1
1486,OCCN1CCN(CCCN2c3ccccc3Sc3cc(Cl)cnc32)CC1
1487,OCCN1CCN(CCCN2c3ccccc3Sc3ccc(C(F)(F)F)cc32)CC1
1488,OCCN1CCN(CCCN2c3ccccc3Sc3ccc(Cl)cc32)CC1
1489,OCCOC1CCN(CCCN2c3ccccc3Sc3ccc(C(F)(F)F)cc32)CC1
1490,OCCOCCN1CCN(C2=Nc3ccccc3Sc3ccccc32)CC1
1491,OCCOCCN1CCN(C[CH]CN2c3ccccc3Sc3ccccc32)CC1
1492,OCCOCCN1CCN([C@@H](c2ccccc2)c2ccc(Cl)cc2)CC1
1493,OCCOCCOCCN1CCN([C@@H](c2ccccc2)c2ccc(Cl)cc2)CC1
1494,OC[C@H](O)[C@H](O)[C@@H](O)[C@@H](O)CO
1495,OCc1ccccc1
1496,OCc1cccnc1
1497,OCc1ncc2n1-c1ccc(Cl)cc1C(c1ccccc1F)=NC2
1498,OCc1nnc2n1-c1ccc(Cl)cc1C(c1ccccc1)=NC2
1499,ON1C=C(NCC2CC2)N=c2ccc(Cl)cc2=C1c1ccccc1
1500,O[C@@H](CN1CCCCC1)c1cc(-c2ccccc2)on1
1501,O[C@H](Cn1ccnc1)c1ccc(CCc2ccccc2)cc1
1502,O[C@H]1C=C[C@@H]2C3Cc4cccc5c4C2(CCN3)[C@@H]1O5
1503,Oc1ccc2[nH]cc(CCCCN3CC=C(c4ccccc4)CC3)c2c1
1504,Oc1ccc2c(c1)C13CCCCC1(O)C(C2)N(CC1CC1)CC3
1505,Oc1ccc2c(c1)C13CCCCC1(O)C(C2)N(CC1CCC1)CC3
1506,Oc1ccc2c(c1)C13CCCC[C@@H]1C(C2)N(CCc1ccccc1)CC3
1507,Oc1ccc2c(c1)C13CCCC[C@@H]1C(C2)NCC3
1508,Oc1ccc2c(c1)C13CCN(CC4CC4)C(C2)[C@H]1CCOC3
1509,Oc1ccccc1-c1nnco1
1510,Oc1noc2c1CCNC2
1511,S=C(NC1CCCCC1)N1CCC(c2cnc[nH]2)CC1
1512,S=C1NCC[C@@H](COc2ccccc2)O1
1513,S=C=S
1514,S=P(N1CC1)(N1CC1)N1CC1
1515,[CH2-][CH-]C
1516,[CH]C1C(=O)N2C(C(=O)O)=C(COC(N)=O)S[C@@H]12
1517,[N-]=[N+]=NCC(=O)N[C@@H](CO)[C@@H](O)c1ccc([N+](=O)[O-])cc1
1518,c1cc(CN2CCCCC2)cc(OCCCNc2nc3ccccc3o2)c1
1519,c1cc(CN2CCCCC2)cc(OCCCNc2nc3ccccc3s2)c1
1520,c1cc(CN2CCCCC2)cc(OCCCNc2nccs2)c1
1521,c1cc2c(c(N3CCNCC3)c1)OCCO2
1522,c1cc2ccc3cccc4ccc(c1)c2c34
1523,c1ccc(-c2cc(CCC3CCNCC3)c3ccccc3n2)cc1
1524,c1ccc(-c2nc(N3CCNCC3)cc3ccccc23)cc1
1525,c1ccc(C2(N3CCCCC3)CCCCC2)cc1
1526,c1ccc(C2(c3ccccc3)OC[C@H]([C@@H]3CCCCN3)O2)cc1
1527,c1ccc(C[C@@H]2NCCc3c2[nH]c2ccccc32)cc1
1528,c1ccc(Cn2cc(CCc3ccncc3)c3ccccc32)cc1
1529,c1ccc(NCCCOc2cccc(CN3CCCCC3)c2)nc1
1530,c1ccc([C@H]2CN3CCSC3=N2)cc1
1531,c1ccc([C@H]2CN=C3NCCN32)cc1
1532,c1ccc2c(CCC3CCNCC3)c[nH]c2c1
1533,c1ccc2c(c1)CCCN2
1534,c1ccc2c(c1)CCN1CCNC[C@H]21
1535,c1ccc2c(c1)CCc1cccc3c1[C@H]2CN1CCCC[C@@H]31
1536,c1ccc2c(c1)CCc1ccccc1N2C1CN2CCC1CC2
1537,c1ccc2c(c1)Sc1ccccc1N2CC1CN2CCC1CC2
1538,c1ccc2c(c1)cc1n2CCCNC1
1539,c1ccc2cc(COC3CCNCC3)ccc2c1
1540,c1ccc2oc(-c3ccncc3)cc2c1
1541,c1cnc(N2CCN(Cc3ccc4c(c3)OCO4)CC2)nc1
1542,c1cnc2c(c1)C(Cc1ccncc1)(Cc1ccncc1)c1cccnc1-2
1543,c1cncc(CC2(Cc3ccncc3)c3cccnc3-c3ncccc32)c1
1544,c1cncc([C@@H]2CCCN2)c1
1545,c1csc(Cc2ccccc2OC[C@@H]2CNCCO2)c1
